Week Ended,Outright Transactions,Unnamed: 2,Unnamed: 3,Unnamed: 4,Unnamed: 5,Unnamed: 6,RBI
,Central Government Dated Securities,State Government Dated Securities,Treasury Bills,,,,
,,,Cash Management Bills,91-Day,182-Day,364-Day,
1,2,3,4,5,6,7,8.0
2025-26,,,,,,,
2025-12-12 00:00:00,683685,39468,,12404,18080,30878,50727.0
2025-12-05 00:00:00,557309,40563,,16955,17571,17700,3131.0
2025-11-28 00:00:00,570268,28921,,19920,13833,14814,2709.0
2025-11-21 00:00:00,487350,28974,,14004,13173,16103,2152.0
2025-11-14 00:00:00,626069,30365,,15679,16831,26336,18647.0
2025-11-07 00:00:00,441521,18672,,24952,20190,7430,13520.0
2025-10-31 00:00:00,428366,36019,,16189,14076,21673,3047.0
2025-10-24 00:00:00,290935,15877,,15374,6644,10630,1907.0
2025-10-17 00:00:00,717040,35503,,19042,23552,18592,5529.0
2025-10-10 00:00:00,681251,36956,,33842,25165,14536,2051.0
2025-10-03 00:00:00,615690,38831,,33587,17455,19762,2245.0
2025-09-26 00:00:00,656799,39759,,22312,8095,17314,8093.0
2025-09-19 00:00:00,460756,46496,,22718,11902,24959,1918.0
2025-09-12 00:00:00,518676,20836,,31486,10142,9464,4557.0
2025-09-05 00:00:00,412874,27906,,30402,12068,4126,1828.0
2025-08-29 00:00:00,448975,28145,,17523,17397,8601,4786.0
2025-08-22 00:00:00,499947,40977,,29546,18579,5865,2382.0
2025-08-15 00:00:00,489007,29218,,23915,9842,9280,5061.0
2025-08-08 00:00:00,573094,51370,,27799,26495,11855,3330.0
2025-08-01 00:00:00,482282,42215,,27443,14333,16323,3455.0
2025-07-25 00:00:00,410507,40367,,24933,17351,11973,3136.0
2025-07-18 00:00:00,452168,43563,,19918,23084,19717,4057.0
2025-07-11 00:00:00,413451,24508,,23124,12808,12549,878.0
2025-07-04 00:00:00,564670,33230,,21767,16826,16962,166.0
2025-06-27 00:00:00,607757,24551,,19983,17182,9836,2980.0
2025-06-20 00:00:00,664321,25912,,33235,23362,15463,4081.0
2025-06-13 00:00:00,841910,33416,,32858,38920,19702,3847.0
2025-06-06 00:00:00,546539,64019,,27671,18603,16886,4249.0
2025-05-30 00:00:00,658869,35077,,31664,13095,16841,272.0
2025-05-23 00:00:00,768105,63683,,24237,30551,22711,21620.0
2025-05-16 00:00:00,785341,31613,,12482,18045,20577,52319.0
2025-05-09 00:00:00,943296,48731,,31736,16930,15746,51684.0
2025-05-02 00:00:00,695636,42426,,20301,4522,12760,20054.0
2025-04-25 00:00:00,1007336,55789,,25212,19557,22167,60397.0
2025-04-18 00:00:00,509630,27311,,20080,12277,19881,1281.0
2025-04-11 00:00:00,961948,45014,,21283,31880,39115,20126.0
2025-04-04 00:00:00,494718,18875,,43089,23662,21960,20703.0
2024-25,,,,,,,
2025-03-28 00:00:00,294710,35414,,38156,8445,15058,48966.0
2025-03-21 00:00:00,576619,71582,,45924,19177,19872,52487.0
2025-03-14 00:00:00,296300,49946,,21484,15937,14045,54554.0
2025-03-07 00:00:00,467153,47675,,27865,16629,19320,1932.0
2025-02-28 00:00:00,344691,64354,,21753,18385,16592,2817.0
2025-02-21 00:00:00,311876,43894,,14339,8062,14193,43540.0
2025-02-14 00:00:00,496978,34427,,26839,16949,27289,41712.0
2025-02-07 00:00:00,622656,45765,,25358,15258,16366,1246.0
2025-01-31 00:00:00,631082,54154,,28538,12625,16629,27859.0
2025-01-24 00:00:00,637663,38377,,30537,13454,9465,21537.0
2025-01-17 00:00:00,666572,39253,,38144,10157,11439,12262.0
2025-01-10 00:00:00,671769,23077,,19104,13505,19793,1643.0
2025-01-03 00:00:00,357929,42883,,21835,16648,25517,33.0
2024-12-27 00:00:00,254482,43494,,24026,12355,10676,1223.0
2024-12-20 00:00:00,464578,39502,,17931,10767,9257,3330.0
2024-12-13 00:00:00,679271,34063,,18458,14012,14532,1432.0
2024-12-06 00:00:00,809374,42965,,11086,9435,13532,1600.0
2024-11-29 00:00:00,417450,43753,,20768,9938,19001,1066.0
2024-11-22 00:00:00,304587,21228,,14676,14133,14200,58.0
2024-11-15 00:00:00,339302,28603,,11934,12735,17123,5498.0
2024-11-08 00:00:00,362394,18779,,10540,19122,20328,396.0
2024-11-01 00:00:00,364654,19992,,14835,24257,14943,444.0
2024-10-25 00:00:00,582884,37354,,15650,20871,15692,36.0
2024-10-18 00:00:00,516084,44718,,21248,24830,19375,1079.0
2024-10-11 00:00:00,937529,49101,,20848,14357,23476,110.0
2024-10-04 00:00:00,607668,36489,,40612,20226,39906,747.0
2024-09-27 00:00:00,783256,57061,,12611,26703,21937,2930.0
2024-09-20 00:00:00,672709,32924,,3601,10907,17615,3152.0
2024-09-13 00:00:00,542975,25555,,21043,9889,17032,5308.0
2024-09-06 00:00:00,373679,50125,,15274,22080,26362,825.0
2024-08-30 00:00:00,410859,46112,,12859,16864,13515,3240.0
2024-08-23 00:00:00,628156,36143,,22638,28016,27016,6549.0
2024-08-16 00:00:00,391073,26391,,14199,24356,12610,3636.0
2024-08-09 00:00:00,768240,60384,,23158,30363,20026,7201.0
2024-08-02 00:00:00,908588,43382,,21623,29554,21728,2202.0
2024-07-26 00:00:00,698684,33733,,16505,24663,22334,10383.0
2024-07-19 00:00:00,479430,23038,,13601,25764,16833,4784.0
2024-07-12 00:00:00,404980,39403,,27264,16898,17031,5464.0
2024-07-05 00:00:00,389125,35534,,52962,46297,28038,433.0
2024-06-28 00:00:00,539688,49993,,40179,25641,24919,4739.0
2024-06-21 00:00:00,432049,45130,,9343,14767,11252,4104.0
2024-06-14 00:00:00,585456,25573,,16525,27615,18443,613.0
2024-06-07 00:00:00,795051,37664,,19530,34264,18417,1921.0
2024-05-31 00:00:00,482479,18893,,14642,28299,9191,159.0
2024-05-24 00:00:00,370848,15180,,23089,21613,8861,992.0
2024-05-17 00:00:00,555685,24885,,32720,31942,8500,2840.0
2024-05-10 00:00:00,560603,20483,,26566,36581,19729,915.0
2024-05-03 00:00:00,409199,22414,,15168,20085,15152,132.0
2024-04-26 00:00:00,367966,21716,,24240,31072,22967,78.0
2024-04-19 00:00:00,410229,16280,,21662,38635,13510,1691.0
2024-04-12 00:00:00,177130,6321,,26521,16275,8206,10710.0
2024-04-05 00:00:00,303803,25197,,47707,41328,21461,691.0
2023-24,,,,,,,
2024-03-29 00:00:00,108752,5516,,4979,4386,2575,1027.0
2024-03-22 00:00:00,420460,71177,,34944,26163,21114,2411.0
2024-03-15 00:00:00,419198,95202,,22319,25688,19284,2290.0
2024-03-08 00:00:00,200765,29713,,6024,6772,4431,1113.0
2024-03-01 00:00:00,297144,52136,,18699,26544,18424,3802.0
2024-02-23 00:00:00,408124,28236,,15078,27421,19257,815.0
2024-02-16 00:00:00,465184,32839,,18462,29806,21186,1728.0
2024-02-09 00:00:00,657853,44730,,25933,22609,16306,2332.0
2024-02-02 00:00:00,656171,31411,,29132,14186,26853,8526.0
2024-01-26 00:00:00,227999,25040,,12770,14794,13427,292.0
2024-01-19 00:00:00,441655,25049,,16634,33266,29948,1668.0
2024-01-12 00:00:00,469936,24048,,19904,16493,18251,2512.0
2024-01-05 00:00:00,358956,24757,,26982,29366,32225,3091.0
2023-12-29 00:00:00,195519,26176,,27021,20701,21278,183.0
2023-12-22 00:00:00,497447,42388,,20246,13240,21726,2677.0
2023-12-15 00:00:00,455288,36985,,20755,15122,18997,1268.0
2023-12-08 00:00:00,393343,21059,,18531,21278,31245,1788.0
2023-12-01 00:00:00,306086,32921,,8755,20792,18940,3945.0
2023-11-24 00:00:00,409456,13241,,26482,16854,22322,13198.0
2023-11-17 00:00:00,280555,15036,,28777,11012,10964,347.0
2023-11-10 00:00:00,406686,27159,,26849,32273,25075,1779.0
2023-11-03 00:00:00,277860,32973,,33027,25886,16731,608.0
2023-10-27 00:00:00,254962,11305,,29231,28602,10984,2853.0
2023-10-20 00:00:00,315685,16282,,15829,9999,11893,6108.0
2023-10-13 00:00:00,456852,11633,,28091,16142,19069,2719.0
2023-10-06 00:00:00,323811,17774,,26415,15782,21672,2317.0
2023-09-29 00:00:00,468346,33626,,26580,25244,11745,2240.0
2023-09-22 00:00:00,427204,10838,,22659,34075,7981,8643.0
2023-09-15 00:00:00,551528,16784,,22079,19333,6746,3211.0
2023-09-08 00:00:00,453238,15990,,21045,26347,10899,1902.0
2023-09-01 00:00:00,431483,16341,,28138,34348,9156,2170.0
2023-08-25 00:00:00,443785,19290,,15426,23790,8298,3331.0
2023-08-18 00:00:00,235420,11407,,21760,10098,7138,1086.0
2023-08-11 00:00:00,430567,7067,,34489,37212,9773,510.0
2023-08-04 00:00:00,471773,14388,,41872,14963,15830,453.0
2023-07-28 00:00:00,454066,20993,,19775,23942,12131,119.0
2023-07-21 00:00:00,415044,12604,,16340,25933,5949,689.0
2023-07-14 00:00:00,536248,16034,,24623,25072,9895,2110.0
2023-07-07 00:00:00,383452,19992,,62424,45478,18425,3556.0
2023-06-30 00:00:00,398814,16807,,26753,69415,65030,169.0
2023-06-23 00:00:00,500055,26996,,11377,51928,58364,1495.0
2023-06-16 00:00:00,401878,22999,,32506,54858,22014,1760.0
2023-06-09 00:00:00,447970,27460,,29930,28100,18100,918.0
2023-06-02 00:00:00,485658,26060,,47096,38583,20913,808.0
2023-05-26 00:00:00,509645,30610,,27340,32694,14802,4709.0
2023-05-19 00:00:00,619619,36688,,11313,34821,25296,1811.0
2023-05-12 00:00:00,467999,19771,,21653,27713,21786,734.0
2023-05-05 00:00:00,381354,25957,,20763,13408,10755,256.0
2023-04-28 00:00:00,716429,49328,,15624,25247,21204,3159.0
2023-04-21 00:00:00,423574,52339,,18647,53377,23727,819.0
2023-04-14 00:00:00,404883,47022,,22195,49627,52685,126.0
2023-04-07 00:00:00,242992,21633,,18991,50518,32691,4.0
2022-23,,,,,,,
2023-03-31 00:00:00,318165,60056,,22840,26216,31341,28787.0
2023-03-24 00:00:00,256375,55569,,16486,21462,7322,2338.0
2023-03-17 00:00:00,433649,35532,,27309,40478,27559,1930.0
2023-03-10 00:00:00,157890,36125,,21021,23906,15523,3683.0
2023-03-03 00:00:00,281347,35589,,25303,18687,19849,657.0
2023-02-24 00:00:00,310251,33499,,13320,24270,9523,232.0
2023-02-17 00:00:00,371356,18604,,16393,15966,14644,2685.0
2023-02-10 00:00:00,395996,29346,,21829,18070,15653,419.0
2023-02-03 00:00:00,440689,17588,,17005,15959,7124,419.0
2023-01-27 00:00:00,241240,26189,,6140,8534,5686,2695.0
2023-01-20 00:00:00,353345,18418,,23920,15375,13558,3905.0
2023-01-13 00:00:00,375885,17315,,10643,26227,13112,2249.0
2023-01-06 00:00:00,227731,18686,,21261,38391,23246,40.0
2022-12-30 00:00:00,166452,15883,,11095,14270,14180,168.0
2022-12-23 00:00:00,217059,21034,,18347,17467,14988,5182.0
2022-12-16 00:00:00,285837,14754,,16533,7652,7254,6551.0
2022-12-09 00:00:00,369642,14862,,19392,8656,9990,5656.0
2022-12-02 00:00:00,331694,17482,,14193,19114,7765,3681.0
2022-11-25 00:00:00,282199,24943,,27154,13807,10303,9970.0
2022-11-18 00:00:00,403856,20853,,15765,15877,14332,2218.0
2022-11-11 00:00:00,235273,15078,,8303,11886,5232,1009.0
2022-11-04 00:00:00,227575,16512,,16846,12761,7404,38.0
2022-10-28 00:00:00,148690,23652,,3464,9610,5539,11.0
2022-10-21 00:00:00,324254,16417,,9546,11955,10110,641.0
2022-10-14 00:00:00,308233,13489,,22798,13088,13662,34.0
2022-10-07 00:00:00,280615,21027,,25140,38034,9421,753.0
2022-09-30 00:00:00,369893,19298,,28316,27364,14419,2396.0
2022-09-23 00:00:00,311215,16519,,12763,26897,18297,7229.0
2022-09-16 00:00:00,379730,19546,,18413,31994,16487,1811.0
2022-09-09 00:00:00,481547,19393,,14272,26686,10040,5324.0
2022-09-02 00:00:00,394672,13746,,21253,15239,10329,1906.0
2022-08-26 00:00:00,335027,16830,,27351,30756,14477,1486.0
2022-08-19 00:00:00,206682,12067,,9729,8781,8517,2358.0
2022-08-12 00:00:00,314613,21484,,23401,12090,9538,2683.0
2022-08-05 00:00:00,419644,31616,,29139,24522,7613,13040.0
2022-07-29 00:00:00,352597,29327,,14606,27191,7983,2208.0
2022-07-22 00:00:00,295864,23015,,19115,23255,10537,1678.0
2022-07-15 00:00:00,330808,19315,,15000,22171,13322,1931.0
2022-07-08 00:00:00,343192,27583,,27885,33384,10840,401.0
2022-07-01 00:00:00,245875,28927,,43147,29074,20113,122.0
2022-06-24 00:00:00,350458,25079,,30654,22122,14579,667.0
2022-06-17 00:00:00,255492,13004,,28167,16842,13014,2446.0
2022-06-10 00:00:00,322039,19699,,33730,26381,14792,8219.0
2022-06-03 00:00:00,286505,23245,,40651,21151,18079,1584.0
2022-05-27 00:00:00,330772,22700,,38057,14369,14570,4049.0
2022-05-20 00:00:00,229583,12478,,21074,14784,21576,1313.0
2022-05-13 00:00:00,383586,26258,,18027,17100,27525,8518.0
2022-05-06 00:00:00,296521,26079,,10260,16099,10141,1702.0
2022-04-29 00:00:00,412453,35678,,17449,26705,17689,1879.0
2022-04-22 00:00:00,432026,93708,,26247,34861,13377,330.0
2022-04-15 00:00:00,125075,59994,,13244,16914,8963,29.0
2022-04-08 00:00:00,200810,35621,,34669,39100,27467,402.0
2022-04-01 00:00:00,165377,34269,,23691,25977,34062,5200.0
2021-22,,,,,,,
2022-03-25 00:00:00,205154,28671,,22791,38613,25173,4534.0
2022-03-18 00:00:00,144157,21004,,19651,18057,10053,2887.0
2022-03-11 00:00:00,216772,40553,,16642,27613,19118,2389.0
2022-03-04 00:00:00,194655,29728,,16701,18532,15062,4965.0
2022-02-25 00:00:00,197618,19909,,13998,17394,6766,3073.0
2022-02-18 00:00:00,265614,32311,,21267,12521,30490,5189.0
2022-02-11 00:00:00,282555,20748,,22277,20375,9984,458.0
2022-02-04 00:00:00,334147,33350,,18289,9214,8333,5660.0
2022-01-28 00:00:00,139922,26875,,7764,6931,14569,620.0
2022-01-21 00:00:00,215080,29414,,13444,14167,13279,1007.0
2022-01-14 00:00:00,176210,23438,,13621,19183,21471,3427.0
2022-01-07 00:00:00,183242,25051,,30707,30908,31302,8829.0
2021-12-31 00:00:00,188198,31983,,22514,8531,10602,8312.0
2021-12-24 00:00:00,240369,26186,,28438,5744,14077,4460.0
2021-12-17 00:00:00,166039,23462,,19049,7090,9418,3510.0
2021-12-10 00:00:00,254957,19628,,23243,8888,9347,2289.0
2021-12-03 00:00:00,290566,19230,,14360,3382,9930,3165.0
2021-11-26 00:00:00,259196,25684,,21056,11409,10415,4364.0
2021-11-19 00:00:00,173496,24402,,7222,9624,12727,1649.0
2021-11-12 00:00:00,257886,22477,,21062,16204,19330,3134.0
2021-11-05 00:00:00,136808,17093,,15379,11736,7859,643.0
2021-10-29 00:00:00,283078,25434,,17434,11646,8425,191.0
2021-10-22 00:00:00,244843,15446,,15603,6777,10611,658.0
2021-10-15 00:00:00,230128,15788,,11446,13400,24663,21.0
2021-10-08 00:00:00,317918,29478,,26141,14877,18512,372.0
2021-10-01 00:00:00,419129,31232,,33223,26086,14098,30651.0
2021-09-24 00:00:00,498695,31336,,26121,11804,9483,31767.0
2021-09-17 00:00:00,414709,21493,,15017,10886,10896,666.0
2021-09-10 00:00:00,406096,23933,,13059,9834,10226,5209.0
2021-09-03 00:00:00,450278,27184,,13411,13223,15506,560.0
2021-08-27 00:00:00,237385,25338,,15403,23024,26102,25642.0
2021-08-20 00:00:00,195706,15120,,6244,15190,26235,666.0
2021-08-13 00:00:00,221211,25573,,23382,20116,48782,25410.0
2021-08-06 00:00:00,221301,27198,,22567,10511,15008,1766.0
2021-07-30 00:00:00,202113,25522,,19416,16253,29791,1118.0
2021-07-23 00:00:00,229142,18541,,17073,12884,9063,21003.0
2021-07-16 00:00:00,228248,24327,,41734,21208,8029,3268.0
2021-07-09 00:00:00,233848,31636,,33862,20424,13465,25144.0
2021-07-02 00:00:00,181887,28204,,48600,30602,33561,717.0
2021-06-25 00:00:00,215514,32229,,44261,19403,11982,721.0
2021-06-18 00:00:00,242617,39558,,43291,17449,19383,40599.0
2021-06-11 00:00:00,290972,22535,,35519,10021,17193,877.0
2021-06-04 00:00:00,196987,37054,,34132,18050,20439,3048.0
2021-05-28 00:00:00,211924,16661,,32771,17260,9255,4055.0
2021-05-21 00:00:00,229106,35946,,32736,13416,14971,35185.0
2021-05-14 00:00:00,189337,29845,,30667,16057,13689,968.0
2021-05-07 00:00:00,289831,37024,,16867,20307,14187,23532.0
2021-04-30 00:00:00,264479,36702,,12421,41813,13266,15716.0
2021-04-23 00:00:00,230375,31119,,22750,43579,24398,15388.0
2021-04-16 00:00:00,161759,27801,,20558,25447,21547,25089.0
2021-04-09 00:00:00,318781,42461,,40609,18779,51855,3400.0
2021-04-02 00:00:00,81363,14093,,7892,2765,32984,0.0
2020-21,,,,,,,
2021-03-26 00:00:00,279925,36261,,28778,14857,58956,26280.0
2021-03-19 00:00:00,193868,34671,,19913,28939,23525,16014.0
2021-03-12 00:00:00,188720,24519,,7422,19409,23559,33463.0
2021-03-05 00:00:00,182928,23721,,8375,10978,16542,35509.0
2021-02-26 00:00:00,194934,38236,,15829,10951,43680,23876.0
2021-02-19 00:00:00,147230,30503,,12114,12419,30429,3528.0
2021-02-12 00:00:00,356076,27336,,12117,5413,35754,53390.0
2021-02-05 00:00:00,300760,21634,,8431,12730,10422,3657.0
2021-01-29 00:00:00,144631,23963,,11880,20295,16550,968.0
2021-01-22 00:00:00,232368,21766,,10275,16087,17335,15307.0
2021-01-15 00:00:00,264314,19940,,12382,20844,11920,21667.0
2021-01-08 00:00:00,297875,24923,,19322,19832,23148,23381.0
2021-01-01 00:00:00,192098,38620,,28672,29926,24256,20267.0
2020-12-25 00:00:00,172499,18087,,14539,17910,7574,10310.0
2020-12-18 00:00:00,273278,19438,,21711,28880,12526,22294.0
2020-12-11 00:00:00,341010,19226,,26302,28997,12747,4509.0
2020-12-04 00:00:00,270260,19922,,18807,12552,10970,1058.0
2020-11-27 00:00:00,353047,24823,,7774,35602,23519,21626.0
2020-11-20 00:00:00,217339,21599,,3033,34074,46348,20785.0
2020-11-13 00:00:00,257756,21993,,6907,25590,12700,23069.0
2020-11-06 00:00:00,295479,23797,,20818,28600,9195,34941.0
2020-10-30 00:00:00,364506,19727,,20972,18576,10650,1717.0
2020-10-23 00:00:00,298419,22728,,26192,10559,14204,16325.0
2020-10-16 00:00:00,424216,31297,,27736,36271,8598,21670.0
2020-10-09 00:00:00,202949,32020,,37118,16997,26045,30438.0
2020-10-02 00:00:00,197670,26512,,44726,38879,7818,14278.0
2020-09-25 00:00:00,221255,19510,,68431,34892,6863,10296.0
2020-09-18 00:00:00,298874,18839,,55480,37563,11074,28032.0
2020-09-11 00:00:00,309271,22075,,18764,22415,11316,24764.0
2020-09-04 00:00:00,442982,24918,,23565,20536,7954,18896.0
2020-08-28 00:00:00,349832,17758,,20265,45695,10524,22286.0
2020-08-21 00:00:00,311600,16984,16138,2512,48390,9461,2225.0
2020-08-14 00:00:00,287511,18232,19252,31158,17078,11360,1084.0
2020-08-07 00:00:00,300470,21065,17060,36345,11665,13021,870.0
2020-07-31 00:00:00,368272,19945,8014,38508,14426,7661,1833.0
2020-07-24 00:00:00,335089,25805,3128,23107,12263,5580,2983.0
2020-07-17 00:00:00,461586,30380,3830,30950,21608,10542,1014.0
2020-07-10 00:00:00,456282,41687,11306,24544,23387,11396,1405.0
2020-07-03 00:00:00,432473,30677,10551,39468,24618,28433,20039.0
2020-06-26 00:00:00,301590,39304,6874,39954,16210,12943,1857.0
2020-06-19 00:00:00,299767,20202,35961,51210,38641,10868,369.0
2020-06-12 00:00:00,308505,23761,10873,36381,21149,13175,757.0
2020-06-05 00:00:00,323767,15798,8583,18268,13931,12695,1532.0
2020-05-29 00:00:00,314417,17676,70420,19702,22002,21717,1339.0
2020-05-22 00:00:00,397265,28034,974,19022,13311,13529,548.0
2020-05-15 00:00:00,562308,15613,4879,56248,11841,7362,1561.0
2020-05-08 00:00:00,352811,28834,5060,18262,35748,33101,32182.0
2020-05-01 00:00:00,300758,19067,4900,19582,37734,37760,49941.0
2020-04-24 00:00:00,499624,19633,15850,13915,47733,43767,30009.0
2020-04-17 00:00:00,136909,12491,12770,11994,23600,27394,16536.0
2020-04-10 00:00:00,92762,8972,44680,9496,8239,13591,14690.0
2020-04-03 00:00:00,180288,8041,51300,13322,9616,14958,400.0
2019-20,,,,,,,
2020-03-27 00:00:00,167715,10795,,7390,7954,6170,42632.0
2020-03-20 00:00:00,596956,23666,24590,22979,10807,8451,2624.0
2020-03-13 00:00:00,624961,40181,31114,8740,4047,2554,118.0
2020-03-06 00:00:00,748265,42876,60635,35480,13816,6837,93.0
2020-02-28 00:00:00,586894,30470,22981,11576,4313,4200,1055.0
2020-02-21 00:00:00,401494,19238,8060,18527,4825,5445,799.0
2020-02-14 00:00:00,547130,27559,15050,15356,7821,5909,96.0
2020-02-07 00:00:00,597156,34557,86301,10386,10642,6617,642.0
2020-01-31 00:00:00,303471,22675,10896,10245,8525,2986,183.0
2020-01-24 00:00:00,309193,23221,16031,10295,6334,5088,12972.0
2020-01-17 00:00:00,320344,13368,38921,19300,4022,2781,2535.0
2020-01-10 00:00:00,403965,39645,40370,6021,3704,6322,24947.0
2020-01-03 00:00:00,322172,26015,64058,31133,11002,19767,23695.0
2019-12-27 00:00:00,282615,23563,,24375,6308,4076,18680.0
2019-12-20 00:00:00,299932,12558,610,23830,9711,9851,2593.0
2019-12-13 00:00:00,308342,26371,2650,18731,7285,8005,896.0
2019-12-06 00:00:00,412679,33873,4980,33264,10778,16904,1704.0
2019-11-29 00:00:00,351163,24231,30,11116,7524,9505,6811.0
2019-11-22 00:00:00,476524,27991,450,20177,8416,8499,3437.0
2019-11-15 00:00:00,226552,17625,1230,19397,8288,13052,1805.0
2019-11-08 00:00:00,327370,16708,41118,20073,8882,13050,129.0
2019-11-01 00:00:00,187371,10386,,4372,7142,7459,10.0
2019-10-25 00:00:00,164297,14795,,17849,5562,14322,531.0
2019-10-18 00:00:00,382874,28298,,21464,21999,10809,12.0
2019-10-11 00:00:00,315019,17646,,20555,23648,18293,613.0
2019-10-04 00:00:00,358898,13876,,16002,16386,24959,628.0
2019-09-27 00:00:00,485798,40989,,45187,18107,30118,1795.0
2019-09-20 00:00:00,458755,19159,,18730,11359,28861,1538.0
2019-09-13 00:00:00,303153,21191,2390,11757,11821,12196,1023.0
2019-09-06 00:00:00,247531,22993,1469,18661,8290,9308,66.0
2019-08-30 00:00:00,474374,31779,330,13020,8674,13326,488.0
2019-08-23 00:00:00,534268,23418,2827,13990,22985,15085,482.0
2019-08-16 00:00:00,286851,14498,30755,11077,10505,11090,1482.0
2019-08-09 00:00:00,677256,41587,50178,3983,23619,47698,243.0
2019-08-02 00:00:00,533715,36638,,10791,19504,19461,723.0
2019-07-26 00:00:00,531122,34045,,18668,10111,21126,25.0
2019-07-19 00:00:00,797355,36114,,9734,17509,32943,205.0
2019-07-12 00:00:00,948137,29202,,7229,20037,22943,4341.0
2019-07-05 00:00:00,526786,36951,,17429,12839,29874,172.0
2019-06-28 00:00:00,650625,22869,,24928,14418,14157,73.0
2019-06-21 00:00:00,890364,40206,,25866,12015,8529,13952.0
2019-06-14 00:00:00,530792,47574,,28485,13241,14578,20884.0
2019-06-07 00:00:00,626218,34003,,9774,13915,25296,1424.0
2019-05-31 00:00:00,545864,49459,,14117,19839,20719,1338.0
2019-05-24 00:00:00,454098,29007,,18682,8897,14722,1388.0
2019-05-17 00:00:00,359432,25138,,20457,4951,13662,13787.0
2019-05-10 00:00:00,308276,21779,,17817,7571,4159,611.0
2019-05-03 00:00:00,160767,20777,,6342,5986,4471,12526.0
2019-04-26 00:00:00,301084,30888,,19387,14734,8242,1043.0
2019-04-19 00:00:00,172791,14783,,14346,746,1839,656.0
2019-04-12 00:00:00,347961,23520,,17259,14157,16386,116.0
2019-04-05 00:00:00,439488,27452,,16805,6574,15867,2546.0
2018-19,,,,,,,
2019-03-29 00:00:00,327331,42097,,17726,4758,9080,3844.0
2019-03-22 00:00:00,288055,31948,,14342,6371,12921,3983.0
2019-03-15 00:00:00,324841,37793,11103,7479,8564,10131,12594.0
2019-03-08 00:00:00,189439,24129,10784,9394,4309,17205,12527.0
2019-03-01 00:00:00,281827,22011,28014,11385,3853,3839,13142.0
2019-02-22 00:00:00,182669,13254,3726,3931,3023,7790,12565.0
2019-02-15 00:00:00,387106,34012,12278,14623,11091,12404,13881.0
2019-02-08 00:00:00,458900,27234,29084,10423,9173,15884,753.0
2019-02-01 00:00:00,257242,22827,19726,2082,5621,5195,10132.0
2019-01-25 00:00:00,307842,20233,,8971,12028,9073,13819.0
2019-01-18 00:00:00,330818,20509,,10135,8642,11131,10258.0
2019-01-11 00:00:00,394958,17928,,14190,8595,16995,12416.0
2019-01-04 00:00:00,343173,27438,,23314,25304,11981,11126.0
2018-12-28 00:00:00,258491,31097,,29243,12902,12410,15063.0
2018-12-21 00:00:00,442290,39664,,34622,10954,23732,15327.0
2018-12-14 00:00:00,557253,21781,17687,9320,8489,10315,10392.0
2018-12-07 00:00:00,593859,28495,33047,15970,18036,16112,11706.0
2018-11-30 00:00:00,475535,40017,960,17983,8450,15916,19130.0
2018-11-23 00:00:00,152340,9772,407,14826,5816,8330,292.0
2018-11-16 00:00:00,324023,19300,10,28052,4795,13655,12638.0
2018-11-09 00:00:00,166568,18017,10,10133,2742,4660,10215.0
2018-11-02 00:00:00,286051,16093,90,24586,6278,5991,10080.0
2018-10-26 00:00:00,299963,15197,335,25134,6257,5777,12000.0
2018-10-19 00:00:00,246880,12593,9714,6920,6933,8210,12041.0
2018-10-12 00:00:00,369936,16017,,24603,14032,9002,12132.0
2018-10-05 00:00:00,248805,12081,,14010,4405,4562,681.0
2018-09-28 00:00:00,317172,13591,,38787,5092,4080,10668.0
2018-09-21 00:00:00,328802,15059,4740,15774,1943,2011,11642.0
2018-09-14 00:00:00,315299,14493,3259,8867,3032,3497,56.0
2018-09-07 00:00:00,371267,20600,1340,13238,8165,6341,109.0
2018-08-31 00:00:00,279052,16059,4998,27411,6535,1857,103.0
2018-08-24 00:00:00,185278,11517,9600,18746,3305,1009,69.0
2018-08-17 00:00:00,218988,4995,10932,15122,8153,751,680.0
2018-08-10 00:00:00,264996,27609,5743,26980,8860,1997,44.0
2018-08-03 00:00:00,354884,11622,5929,23171,5252,1770,4660.0
2018-07-27 00:00:00,248986,17020,5446,15467,2153,3158,22.0
2018-07-20 00:00:00,383437,22815,7691,17998,4306,5644,10130.0
2018-07-13 00:00:00,197516,11193,28793,8408,8092,1998,1110.0
2018-07-06 00:00:00,205263,8808,7815,8161,4994,2133,192.0
2018-06-29 00:00:00,239477,14942,11733,17168,5992,1353,662.0
2018-06-22 00:00:00,311963,14729,6603,22436,2241,4507,10052.0
2018-06-15 00:00:00,276495,13849,35177,1020,2891,3018,716.0
2018-06-08 00:00:00,247507,16762,12694,24846,6492,5881,0.0
2018-06-01 00:00:00,266102,15696,,18037,1693,1527,8.0
2018-05-25 00:00:00,255797,13479,,12869,3444,6053,1916.0
2018-05-18 00:00:00,203275,14892,,5871,3664,2643,10824.0
2018-05-11 00:00:00,261502,23052,,12424,10193,4306,194.0
2018-05-04 00:00:00,115916,7982,,9316,881,3299,42.0
2018-04-27 00:00:00,355501,27638,,15822,5359,8757,12096.0
2018-04-20 00:00:00,309440,21082,,12975,8585,6556,450.0
2018-04-13 00:00:00,477524,28881,,8933,5761,9015,3682.0
2018-04-06 00:00:00,435721,15488,,14457,2091,15694,1336.0
2017-18,,,,,,,
2018-03-30 00:00:00,237217,26366,,11632,1029,5864,606.0
2018-03-23 00:00:00,350378,23616,,19381,2377,6688,31298.0
2018-03-16 00:00:00,279334,30598,,16963,4184,15004,1250.0
2018-03-09 00:00:00,221672,19571,,13186,3573,6862,33922.0
2018-03-02 00:00:00,182391,19818,,12932,2261,2886,72.0
2018-02-23 00:00:00,169319,18166,,16364,1449,6284,62.0
2018-02-16 00:00:00,289076,8676,,8638,2108,2640,680.0
2018-02-09 00:00:00,332637,11618,,11329,1422,6304,100.0
2018-02-02 00:00:00,364571,19617,,12612,2039,6977,2616.0
2018-01-26 00:00:00,310839,16352,,9108,3636,8125,0.0
2018-01-19 00:00:00,358186,12360,,13051,2404,5717,742.0
2018-01-12 00:00:00,389347,19434,,9134,2375,2703,3032.0
2018-01-05 00:00:00,312265,12979,,14652,4672,5747,202.0
2017-12-29 00:00:00,304064,22157,,28698,1831,6144,248.0
2017-12-22 00:00:00,340470,20019,,13121,804,4173,0.0
2017-12-15 00:00:00,417270,16060,,10013,2058,2048,1124.0
2017-12-08 00:00:00,414092,14091,,19404,8209,1109,1538.0
2017-12-01 00:00:00,365238,12364,,12608,3057,938,678.0
2017-11-24 00:00:00,585384,16807,,22286,6290,1417,20902.0
2017-11-17 00:00:00,399073,10270,,18185,1588,2137,452.0
2017-11-10 00:00:00,360370,15452,,14099,7868,3874,10152.0
2017-11-03 00:00:00,414849,23869,,18167,5553,4332,60.0
2017-10-27 00:00:00,176763,10821,,6407,4212,891,10414.0
2017-10-20 00:00:00,207769,10265,,5872,1803,2171,40.0
2017-10-13 00:00:00,316263,11289,,13244,7883,12234,10260.0
2017-10-06 00:00:00,362035,10354,,4667,3536,5056,558.0
2017-09-29 00:00:00,423179,48736,,18000,6972,10972,10416.0
2017-09-22 00:00:00,432827,29128,4178,36453,8609,6233,1310.0
2017-09-15 00:00:00,368197,38647,8472,17939,5282,9707,10076.0
2017-09-08 00:00:00,515997,25535,2260,22710,14243,5490,0.0
2017-09-01 00:00:00,353025,28362,307,16206,13225,7062,14160.0
2017-08-25 00:00:00,240854,29083,830,11780,7026,5398,0.0
2017-08-18 00:00:00,197053,7225,9220,21559,3847,3218,538.0
2017-08-11 00:00:00,365405,25219,22641,32095,8856,8448,10036.0
2017-08-04 00:00:00,574381,38056,18314,29803,3592,9761,488.0
2017-07-28 00:00:00,585111,47211,13393,22219,4039,1223,3156.0
2017-07-21 00:00:00,443242,29096,16492,24220,6296,6266,10084.0
2017-07-14 00:00:00,671876,28602,10477,27322,8967,2672,877.0
2017-07-07 00:00:00,530798,18228,18642,23651,6562,3302,15908.0
2017-06-30 00:00:00,351526,41238,36165,37452,12649,3211,625.0
2017-06-23 00:00:00,544968,29891,4034,23170,3188,4479,71.0
2017-06-16 00:00:00,595870,37356,11506,20674,7150,3778,953.0
2017-06-09 00:00:00,634361,33160,43498,18401,5895,2240,2234.0
2017-06-02 00:00:00,375679,21364,43660,11856,3321,7078,2234.0
2017-05-26 00:00:00,461529,21160,1790,16532,7007,5023,0.0
2017-05-19 00:00:00,546162,20122,11015,25660,3121,2135,0.0
2017-05-12 00:00:00,263784,11004,15876,15675,2010,3131,119.0
2017-05-05 00:00:00,253063,16410,9176,9275,3522,1123,23.0
2017-04-28 00:00:00,357148,23903,10707,12117,2221,4318,1247.0
2017-04-21 00:00:00,349043,21065,,13451,6403,2017,3645.0
2017-04-14 00:00:00,290610,17831,,9010,4363,7929,313.0
2017-04-07 00:00:00,302587,23250,,20268,4954,4938,0.0
2016-17,,,,,,,
2017-03-31 00:00:00,313402,29204,,34500,3959,6543,1202.0
2017-03-24 00:00:00,367315,48459,,17176,4153,10159,3968.0
2017-03-17 00:00:00,227189,26297,,13446,1507,9791,232.0
2017-03-10 00:00:00,267156,42337,7001,12662,7110,7606,124.0
2017-03-03 00:00:00,335038,37270,27340,20267,3904,7247,7384.0
2017-02-24 00:00:00,148286,13658,1951,13281,500,3745,120.0
2017-02-17 00:00:00,366532,20647,2682,23205,3079,8047,538.0
2017-02-10 00:00:00,471836,22755,7403,17160,3249,6572,1191.0
2017-02-03 00:00:00,550373,11147,30822,11716,4330,,527.0
2017-01-27 00:00:00,313277,21602,18959,9097,2016,2112,75116.0
2017-01-20 00:00:00,458632,13959,37096,12241,1400,2647,122.0
2017-01-13 00:00:00,552935,20995,63494,9807,5749,1850,5385.0
2017-01-06 00:00:00,758576,23700,79869,16755,5753,9245,0.0
2016-12-30 00:00:00,344651,24572,21321,38595,4379,4983,412.0
2016-12-23 00:00:00,491882,23481,15879,21251,2018,4853,0.0
2016-12-16 00:00:00,556232,24967,16166,20943,4153,1221,550.0
2016-12-09 00:00:00,829433,16371,4347,21424,1637,4784,118.0
2016-12-02 00:00:00,974067,22670,,41646,5618,11280,469.0
2016-11-25 00:00:00,1535113,36188,,39196,7983,12135,1630.0
2016-11-18 00:00:00,804285,28032,,28688,6045,9359,344.0
2016-11-11 00:00:00,574312,27688,,35114,4959,10651,109.0
2016-11-04 00:00:00,264327,10008,,6015,1435,2215,56.0
2016-10-28 00:00:00,540317,17890,,30500,7844,9088,10414.0
2016-10-21 00:00:00,661115,19438,,21058,4744,5575,85.0
2016-10-14 00:00:00,362268,15390,,11196,2001,3960,251.0
2016-10-07 00:00:00,1149661,25986,,11659,9213,1852,610.0
2016-09-30 00:00:00,912024,41599,,41917,9555,14892,870.0
2016-09-23 00:00:00,558534,27482,,31105,5191,5111,946.0
2016-09-16 00:00:00,503946,33413,,27491,2071,5632,40.0
2016-09-09 00:00:00,623673,22281,,26851,7558,4573,10000.0
2016-09-02 00:00:00,676538,27554,,21301,5216,11066,150.0
2016-08-26 00:00:00,872246,19541,,24113,11764,5833,0.0
2016-08-19 00:00:00,401238,9979,,18179,3228,10055,4860.0
2016-08-12 00:00:00,1106310,44616,,13739,9391,8067,10442.0
2016-08-05 00:00:00,854150,36511,,24853,10654,11731,432.0
2016-07-29 00:00:00,926525,38323,,22330,8802,12421,0.0
2016-07-22 00:00:00,1001776,29231,,18193,5130,26537,0.0
2016-07-15 00:00:00,1092598,35091,,21855,9660,13243,0.0
2016-07-08 00:00:00,711837,15763,,19406,6096,16074,2091.0
2016-07-01 00:00:00,854490,32434,,26456,6262,14268,2612.0
2016-06-24 00:00:00,444928,18695,,22111,5508,11643,10506.0
2016-06-17 00:00:00,397091,17470,,24435,5919,12359,536.0
2016-06-10 00:00:00,327029,20361,,29738,4352,9933,220.0
2016-06-03 00:00:00,294828,17027,,29578,6966,4489,15325.0
2016-05-27 00:00:00,329888,19855,,14115,2177,6553,15890.0
2016-05-20 00:00:00,353675,11471,,20376,7020,2414,523.0
2016-05-13 00:00:00,353771,18397,,17815,4687,7080,10138.0
2016-05-06 00:00:00,459126,17510,,9752,2592,8705,641.0
2016-04-29 00:00:00,517020,12769,,19004,6767,15173,15152.0
2016-04-22 00:00:00,399711,17638,,9250,11785,6062,4045.0
2016-04-15 00:00:00,577213,17396,,12739,10851,14152,15225.0
2016-04-08 00:00:00,588407,20421,,22906,11777,28199,313.0
2016-04-01 00:00:00,407719,26460,,30265,4064,5420,3983.0
2015-16,,,,,,,
2016-03-25 00:00:00,286509,15214,,8041,267,2702,2011.0
2016-03-18 00:00:00,391602,24965,,20262,4676,6166,14709.0
2016-03-11 00:00:00,279855,19779,,16218,5753,4899,15373.0
2016-03-04 00:00:00,440084,14545,,16191,2405,8280,88715.0
2016-02-26 00:00:00,323415,22936,,12321,6013,7207,542.0
2016-02-19 00:00:00,197895,6401,,15351,716,5133,598.0
2016-02-12 00:00:00,317524,12932,,21893,2158,2765,10056.0
2016-02-05 00:00:00,395670,9281,,22684,7517,13090,947.0
2016-01-29 00:00:00,264391,17671,,14221,11249,4210,25.0
2016-01-22 00:00:00,389802,9620,,17953,5375,9127,11134.0
2016-01-15 00:00:00,317655,10254,,20881,3302,3484,2941.0
2016-01-08 00:00:00,365603,11258,,23293,3223,6832,2234.0
2016-01-01 00:00:00,238778,10983,,35855,8310,10982,5484.0
2015-12-25 00:00:00,222462,13485,,15620,5363,1261,2405.0
2015-12-18 00:00:00,357785,15677,,19802,6094,4683,3773.0
2015-12-11 00:00:00,291160,14996,,21684,5372,5455,11354.0
2015-12-04 00:00:00,352521,7668,,27317,8629,8019,717.0
2015-11-27 00:00:00,153151,13679,,21636,966,8901,780.0
2015-11-20 00:00:00,165230,9161,,13566,3320,4048,585.0
2015-11-13 00:00:00,195796,15450,,15064,1040,5353,136.0
2015-11-06 00:00:00,286270,7065,,24635,1772,7828,1555.0
2015-10-30 00:00:00,238996,11278,,17043,5746,8463,170.0
2015-10-23 00:00:00,254673,10132,,9986,3487,3551,484.0
2015-10-16 00:00:00,519468,28000,,12731,3681,12511,1319.0
2015-10-09 00:00:00,479803,20741,,30523,12516,11690,3286.0
2015-10-02 00:00:00,487412,18487,,20245,4426,14064,1399.0
2015-09-25 00:00:00,285620,16513,,13641,3499,6280,0.0
2015-09-18 00:00:00,199106,9783,,15983,3749,4446,0.0
2015-09-11 00:00:00,224549,12644,,23166,2220,5218,2055.0
2015-09-04 00:00:00,379201,10198,,25927,5174,8500,4496.0
2015-08-28 00:00:00,424810,15513,,20810,8603,7079,1910.0
2015-08-21 00:00:00,294544,14198,,18580,2752,4183,2335.0
2015-08-14 00:00:00,341957,12484,,22797,6908,9111,2761.0
2015-08-07 00:00:00,309614,11427,,14468,2366,13124,2336.0
2015-07-31 00:00:00,301111,18351,,21527,4088,9945,3110.0
2015-07-24 00:00:00,260836,8492,,23513,4014,9425,1400.0
2015-07-17 00:00:00,302980,6755,,16711,10064,6575,10500.0
2015-07-10 00:00:00,425362,6791,,18445,7784,15360,2100.0
2015-07-03 00:00:00,285372,4973,,28296,5541,17769,3200.0
2015-06-26 00:00:00,465383,17096,,19029,5641,14632,800.0
2015-06-19 00:00:00,406442,15587,,26934,7592,8174,0.0
2015-06-12 00:00:00,312830,9929,,17950,11697,21484,300.0
2015-06-05 00:00:00,450271,6283,,17282,12819,15283,300.0
2015-05-29 00:00:00,358312,7123,,18501,4979,6395,900.0
2015-05-22 00:00:00,500912,8920,,11011,8314,5339,100.0
2015-05-15 00:00:00,410534,11480,,9225,3528,6554,300.0
2015-05-08 00:00:00,329437,5903,,9486,4300,4840,100.0
2015-05-01 00:00:00,310020,5795,,7454,2199,7460,0.0
2015-04-24 00:00:00,419729,9903,,14715,11482,17338,3500.0
2015-04-17 00:00:00,228925,11768,,11574,9400,25805,1300.0
2015-04-10 00:00:00,328210,6654,,30614,9419,22040,1800.0
2015-04-03 00:00:00,111948,3474,,8996,1235,6509,
2014-15,,,,,,,
2015-03-27 00:00:00,276534,9122,,16657,6045,9510,1000.0
2015-03-20 00:00:00,321294,9705,,20892,4262,8209,
2015-03-13 00:00:00,307888,15559,,15358,4337,9949,2500.0
2015-03-06 00:00:00,315018,9063,,11366,237,4585,1400.0
2015-02-27 00:00:00,220072,16080,,10457,6538,10648,400.0
2015-02-20 00:00:00,175236,10899,,8418,2624,6272,600.0
2015-02-13 00:00:00,290055,8950,,13846,3228,6246,800.0
2015-02-06 00:00:00,535213,8845,,16150,6727,14538,2500.0
2015-01-30 00:00:00,305621,8575,,10253,5408,21408,1200.0
2015-01-23 00:00:00,506717,11497,,9344,1417,16196,400.0
2015-01-16 00:00:00,554480,10137,,18465,5122,13156,4800.0
2015-01-09 00:00:00,502689,6492,,16093,2892,15123,1700.0
2015-01-02 00:00:00,388240,9331,,23516,5270,7608,2600.0
2014-12-26 00:00:00,295404,9637,,12935,3089,3782,1300.0
2014-12-19 00:00:00,599235,12487,1684,7336,6180,5750,1800.0
2014-12-12 00:00:00,526075,9648,2805,23185,4531,10624,2000.0
2014-12-05 00:00:00,639395,7760,272,16624,6982,14833,15300.0
2014-11-28 00:00:00,409934,10314,4907,15024,6282,10557,3500.0
2014-11-21 00:00:00,501039,7090,1055,24164,5939,11970,2200.0
2014-11-14 00:00:00,450474,6135,6182,8571,5761,14541,2400.0
2014-11-07 00:00:00,347853,4469,,24058,7395,3524,14100.0
2014-10-31 00:00:00,402777,5921,,23573,6047,9136,3200.0
2014-10-24 00:00:00,226604,5827,,4017,2019,7219,1700.0
2014-10-17 00:00:00,358526,5537,,12097,2689,8143,7700.0
2014-10-10 00:00:00,328414,2561,,21000,7969,11328,2400.0
2014-10-03 00:00:00,212757,1473,,11758,1655,6957,1700.0
2014-09-26 00:00:00,292399,5071,,15924,5570,6459,3300.0
2014-09-19 00:00:00,316973,10062,,13856,3714,5547,400.0
2014-09-12 00:00:00,280355,5270,,16351,10049,8311,1400.0
2014-09-05 00:00:00,230425,2330,,14938,9508,11657,900.0
2014-08-29 00:00:00,103651,2001,,17125,3208,6071,500.0
2014-08-22 00:00:00,337540,1378,,13923,3922,5446,370.0
2014-08-15 00:00:00,196894,1629,,16544,7182,5737,23.0
2014-08-08 00:00:00,244209,1406,,27480,6472,11461,1270.0
2014-08-01 00:00:00,227061,1366,,9766,7307,3047,155.0
2014-07-25 00:00:00,376807,6325,,12634,3048,9561,155.0
2014-07-18 00:00:00,324361,2179,,18350,6314,5800,747.0
2014-07-11 00:00:00,322660,6631,,16644,8662,9384,1252.0
2014-07-04 00:00:00,305622,4871,,23127,8965,10917,3507.0
2014-06-27 00:00:00,331828,4505,,18874,6071,12273,412.0
2014-06-20 00:00:00,367334,3559,,10399,9694,6643,101.0
2014-06-13 00:00:00,574750,8912,,15153,3257,10565,2061.0
2014-06-06 00:00:00,619775,9954,,21945,7087,14069,2255.0
2014-05-30 00:00:00,528381,14005,,16661,7998,16035,754.0
2014-05-23 00:00:00,521794,9069,,22696,10659,14895,1261.0
2014-05-16 00:00:00,313007,6859,,14272,5425,12728,732.0
2014-05-09 00:00:00,384162,7227,,18174,9096,6719,147.0
2014-05-02 00:00:00,303198,8119,,13519,3644,7082,17.0
2014-04-25 00:00:00,323705,10040,,13026,7062,13122,574.0
2014-04-18 00:00:00,210800,4440,,11319,3074,9146,6450.0
2014-04-11 00:00:00,177573,7186,,14425,7171,12877,242.0
2014-04-04 00:00:00,89592,7473,,28996,6534,13626,21.0
2013-14,,,,,,,
2014-03-28 00:00:00,143264,10568,,16508,7519,12905,951.0
2014-03-21 00:00:00,117860,6000,,14082,10505,16132,384.0
2014-03-14 00:00:00,213823,9922,,14738,6510,12043,0.0
2014-03-07 00:00:00,246796,4297,,17738,5794,7587,66.0
2014-02-28 00:00:00,144342,5341,,3462,1892,4226,1374.0
2014-02-21 00:00:00,212624,4110,,11622,1624,10045,352.0
2014-02-14 00:00:00,245920,9277,,14536,8702,8224,24.0
2014-02-07 00:00:00,389560,3302,,14888,11570,20556,391.0
2014-01-31 00:00:00,263432,6316,,17725,9423,8671,0.0
2014-01-24 00:00:00,426766,7255,,11744,4879,9581,9477.0
2014-01-17 00:00:00,354442,9783,,14219,13029,14344,461.0
2014-01-10 00:00:00,335989,6216,,15434,4675,15179,1319.0
2014-01-03 00:00:00,197554,4301,,20108,14021,22308,2701.0
2013-12-27 00:00:00,125670,2553,,12213,5309,10424,94.0
2013-12-20 00:00:00,188883,5202,,17035,11428,10107,0.0
2013-12-13 00:00:00,131890,6705,,16533,7420,13646,356.0
2013-12-06 00:00:00,164858,3862,,20083,11286,5389,252.0
2013-11-29 00:00:00,275640,2913,,19978,5639,15390,113.0
2013-11-22 00:00:00,208863,8722,,8725,4804,7859,6152.0
2013-11-15 00:00:00,191937,4099,,6991,3837,6630,342.0
2013-11-08 00:00:00,159090,4468,,17469,8318,4154,863.0
2013-11-01 00:00:00,228989,3030,,20627,7604,14099,14116.0
2013-10-25 00:00:00,230382,5968,50,12638,6438,8734,1359.0
2013-10-18 00:00:00,201688,6513,2261,12851,4083,7313,943.0
2013-10-11 00:00:00,339811,8927,14401,9451,7329,6076,10578.0
2013-10-04 00:00:00,171077,3493,8101,11590,2589,12027,1338.0
2013-09-27 00:00:00,231293,7593,13137,17997,7895,15783,654.0
2013-09-20 00:00:00,203723,6664,8304,10690,7306,10598,600.0
2013-09-13 00:00:00,164371,9568,15791,7526,4811,6890,0.0
2013-09-06 00:00:00,312435,4642,32758,11051,3218,19511,7106.0
2013-08-30 00:00:00,167470,5166,31491,16963,10461,23774,6401.0
2013-08-23 00:00:00,157850,9433,28344,8438,5006,10939,875.0
2013-08-16 00:00:00,123475,6361,18049,9764,4731,8327,120.0
2013-08-09 00:00:00,124147,4006,900,15718,3526,12551,889.0
2013-08-02 00:00:00,161792,4281,1210,18101,3702,9578,336.0
2013-07-26 00:00:00,181674,2503,1080,13725,2431,13385,1014.0
2013-07-19 00:00:00,233161,3569,,8844,4956,5884,3063.0
2013-07-12 00:00:00,389675,3817,,12103,7271,11353,485.0
2013-07-05 00:00:00,383720,4986,,13574,8877,13429,2201.0
2013-06-28 00:00:00,291453,5913,,5265,4260,15160,393.0
2013-06-21 00:00:00,452314,8630,,10262,5037,13848,1032.0
2013-06-14 00:00:00,483436,4975,,10660,4118,14283,6992.0
2013-06-07 00:00:00,484244,8486,,6843,2123,9477,24.0
2013-05-31 00:00:00,762898,4786,,7112,2396,9018,465.0
2013-05-24 00:00:00,829651,8712,,5806,2463,5152,133.0
2013-05-17 00:00:00,1121432,10168,,6927,4316,9672,732.0
2013-05-10 00:00:00,732532,9270,,9544,8800,10400,9736.0
2013-05-03 00:00:00,509403,6863,,7423,3889,11668,70.0
2013-04-26 00:00:00,521756,6695,,6261,3738,14273,481.0
2013-04-19 00:00:00,512492,6578,,13391,3360,21769,288.0
2013-04-12 00:00:00,403411,6274,,7636,4729,16251,1491.0
2013-04-05 00:00:00,195931,4455,,14674,5486,18329,305.0
2012-13,,,,,,,
2013-03-29 00:00:00,153390,5897,,6996,6692,11079,6475.0
2013-03-22 00:00:00,247178,5252,,15521,2848,17483,2193.0
2013-03-15 00:00:00,340738,5153,,14002,3427,6434,414.0
2013-03-08 00:00:00,325075,6533,,16464,4529,11504,10088.0
2013-03-01 00:00:00,405639,4582,,7138,1907,5778,195.0
2013-02-22 00:00:00,260010,4540,,6395,479,12091,10159.0
2013-02-15 00:00:00,409631,4005,,4478,1745,10135,1159.0
2013-02-08 00:00:00,328735,6335,,8905,4012,15289,2405.0
2013-02-01 00:00:00,292407,4320,,9788,2862,8026,200.0
2013-01-25 00:00:00,280130,10625,,6590,656,11638,320.0
2013-01-18 00:00:00,558075,5969,,7411,4186,9081,222.0
2013-01-11 00:00:00,540842,8799,,9030,1861,9465,8198.0
2013-01-04 00:00:00,482206,7653,,13658,6223,16899,9744.0
2012-12-28 00:00:00,190899,2927,,7573,1863,7444,7922.0
2012-12-21 00:00:00,208279,7400,,8862,4220,11165,196.0
2012-12-14 00:00:00,138621,2707,,8428,4425,12060,11605.0
2012-12-07 00:00:00,189423,4756,,4780,8284,4936,11685.0
2012-11-30 00:00:00,129981,2298,,4484,7689,8963,101.0
2012-11-23 00:00:00,130696,8049,,6128,5916,6600,1.0
2012-11-16 00:00:00,84186,661,,2450,551,4292,208.0
2012-11-09 00:00:00,176908,2810,,5809,6096,7653,135.0
2012-11-02 00:00:00,200716,3537,,7636,3360,6514,38.0
2012-10-26 00:00:00,149637,4600,,5222,3554,2572,1117.0
2012-10-19 00:00:00,251202,11824,,9446,3691,5590,1262.0
2012-10-12 00:00:00,185797,4108,,5180,1789,5343,800.0
2012-10-05 00:00:00,205883,6347,,10834,3576,8920,48.0
2012-09-28 00:00:00,240545,3239,,12311,5131,10486,544.0
2012-09-21 00:00:00,241447,3474,,7879,5259,6844,752.0
2012-09-14 00:00:00,274565,2371,,9843,7863,6156,232.0
2012-09-07 00:00:00,231698,4294,,12540,8637,11544,418.0
2012-08-31 00:00:00,208415,5260,,16382,8091,15420,659.0
2012-08-24 00:00:00,126936,4727,,18671,4079,4796,104.0
2012-08-17 00:00:00,121363,4570,,11537,5167,3668,527.0
2012-08-10 00:00:00,211316,6858,,8762,5655,5547,851.0
2012-08-03 00:00:00,130508,946,,12823,6100,9053,691.0
2012-07-27 00:00:00,177203,5612,,10707,6355,9408,385.0
2012-07-20 00:00:00,285278,7716,,7326,8481,9248,500.0
2012-07-13 00:00:00,237185,1717,,12977,3271,4972,700.0
2012-07-06 00:00:00,175698,2709,,7391,3381,7237,2100.0
2012-06-29 00:00:00,174257,2529,,14887,3190,5148,11600.0
2012-06-22 00:00:00,243288,2671,,7831,2610,4038,400.0
2012-06-15 00:00:00,339802,2926,,12319,4978,13792,11200.0
2012-06-08 00:00:00,255801,4099,,8174,4595,10296,700.0
2012-06-01 00:00:00,171487,3103,,12437,3725,6240,12300.0
2012-05-25 00:00:00,118379,5921,,7178,3244,4328,12970.0
2012-05-18 00:00:00,173074,3927,,10484,3846,5900,12850.0
2012-05-11 00:00:00,190812,2937,,7133,3026,4648,4480.0
2012-05-04 00:00:00,113791,1530,,11099,2183,1428,1900.0
2012-04-27 00:00:00,145769,2319,,12021,3378,2788,1670.0
2012-04-20 00:00:00,188225,2922,,18052,5482,1622,2440.0
2012-04-13 00:00:00,157869,5890,,11803,7049,5343,3320.0
2012-04-06 00:00:00,41663,5539,,3772,1990,6970,6360.0
2011-12-01 00:00:00,,,,,,,
2012-03-30 00:00:00,91810,4099,,11036,4525,9156,850.0
2012-03-23 00:00:00,65477,2731,,8614,326,1950,690.0
2012-03-16 00:00:00,118263,5005,,7792,1436,5014,11630.0
2012-03-09 00:00:00,67397,2710,,5146,1344,2316,11930.0
2012-03-02 00:00:00,106646,1344,,8727,2701,2719,12420.0
2012-02-24 00:00:00,99920,2387,,6536,341,3534,10150.0
2012-02-17 00:00:00,145145,1191,,3204,1120,4890,890.0
2012-02-10 00:00:00,141520,2745,,6624,604,5478,9680.0
2012-02-03 00:00:00,209352,2115,,5719,1622,2998,800.0
2012-01-27 00:00:00,195114,3053,,3897,647,410,10570.0
2012-01-20 00:00:00,222889,2296,,6515,5788,6911,13110.0
2012-01-13 00:00:00,253278,4128,,4808,2268,14086,10000.0
2012-01-06 00:00:00,262354,2722,,7676,4954,8179,2890.0
2011-12-30 00:00:00,149445,1216,,4352,3458,5154,9860.0
2011-12-23 00:00:00,259005,6845,10,4870,3392,7261,9280.0
2011-12-16 00:00:00,209768,4253,12,8930,8033,5247,
2011-12-09 00:00:00,162719,4286,269,6201,7817,10524,9150.0
2011-12-02 00:00:00,150152,1285,1526,6715,4759,11027,5930.0
2011-11-25 00:00:00,85526,2163,1424,1381,2656,904,11073.0
2011-11-18 00:00:00,131544,1631,702,3051,2940,4748,133.0
2011-11-11 00:00:00,53364,1740,2562,1463,1060,971,60.0
2011-11-04 00:00:00,110797,603,1172,6364,1815,2998,99.0
2011-10-28 00:00:00,54170,456,1963,3003,1452,988,536.0
2011-10-21 00:00:00,110688,2143,4012,1244,1184,3106,422.0
2011-10-14 00:00:00,103415,1716,,6413,1991,2402,89.0
2011-10-07 00:00:00,83341,2247,,9259,2090,2960,379.0
2011-09-30 00:00:00,88685,540,,10331,1370,1264,3.0
2011-09-23 00:00:00,110265,1671,226,11423,420,2467,232.0
2011-09-16 00:00:00,127569,1955,775,7145,2270,1311,
2011-09-09 00:00:00,136824,1174,1311,10412,381,4031,326.0
2011-09-02 00:00:00,76617,317,196,5192,2326,1049,675.0
2011-08-26 00:00:00,160921,1611,1642,6176,1548,686,16.0
2011-08-19 00:00:00,79406,1220,414,4644,1464,1340,339.0
2011-08-12 00:00:00,238015,1678,6659,4864,575,2051,44.0
2011-08-05 00:00:00,104048,854,4905,6394,1541,2811,393.0
2011-07-29 00:00:00,111252,517,2600,10913,614,2264,
2011-07-22 00:00:00,104300,4084,3865,10631,2347,2135,82.0
2011-07-15 00:00:00,127609,1877,3754,15133,3723,4480,398.0
2011-07-08 00:00:00,100556,1841,,25180,1657,2512,2359.0
2011-07-01 00:00:00,57534,566,,9349,203,1646,1305.0
2011-06-24 00:00:00,128097,2052,1401,12383,40,4207,
2011-06-17 00:00:00,139193,1020,548,8534,1545,893,490.0
2011-06-10 00:00:00,127319,1745,1581,8151,2464,1617,101.0
2011-06-03 00:00:00,114156,1408,2011,8680,2083,1647,97.0
2011-05-27 00:00:00,73860,1297,1777,9003,1688,4637,173.0
2011-05-20 00:00:00,63070,736,540,5168,1595,1560,131.0
2011-05-13 00:00:00,65631,1727,2565,4396,906,1271,
2011-05-06 00:00:00,53659,1262,9526,7146,380,1796,213.0
2011-04-29 00:00:00,69310,933,3750,6995,1286,1520,478.0
2011-04-22 00:00:00,45473,646,6965,6839,1542,1862,371.0
2011-04-15 00:00:00,47087,1374,,5692,1538,488,23.0
2011-04-08 00:00:00,50856,1557,,10312,1247,2647,17.0
2011-04-01 00:00:00,64501,3708,,5331,610,2177,
2010-11-01 00:00:00,,,,,,,
2011-03-25 00:00:00,58084,1967,,6365,2063,2442,158.0
2011-03-18 00:00:00,80434,2701,,5501,1082,2362,
2011-03-11 00:00:00,92308,2211,,7365,2672,2295,
2011-03-04 00:00:00,75963,1724,,5796,1041,2735,516.0
2011-02-25 00:00:00,85999,1591,,7453,480,1841,5388.0
2011-02-18 00:00:00,76950,1875,,4967,729,823,1968.0
2011-02-11 00:00:00,57005,849,,5742,916,949,1.0
2011-02-04 00:00:00,63577,2736,,6597,1368,623,1199.0
2011-01-28 00:00:00,60606,1209,,5828,631,580,
2011-01-21 00:00:00,64725,2735,,5778,978,2063,41.0
2011-01-14 00:00:00,77901,711,,10496,2099,1411,8374.0
2011-01-07 00:00:00,53672,2660,,6125,401,1447,10677.0
2010-12-31 00:00:00,66064,1278,,3601,1460,651,11995.0
2010-12-24 00:00:00,95553,1384,,2974,1995,1214,8258.0
2010-12-17 00:00:00,51697,770,,4137,615,711,21826.0
2010-12-10 00:00:00,67472,781,,3236,490,1780,
2010-12-03 00:00:00,56257,1019,,3179,430,2691,49.0
2010-11-26 00:00:00,51500,1465,,2602,2731,1873,169.0
2010-11-19 00:00:00,57758,1298,,5634,614,363,122.0
2010-11-12 00:00:00,71113,2068,,4154,1912,1369,8362.0
2010-11-05 00:00:00,98472,995,,6668,50,2908,74.0
2010-10-29 00:00:00,100958,2167,,5021,1718,2034,30.0
2010-10-22 00:00:00,95960,1063,,5743,70,2892,768.0
2010-10-15 00:00:00,89577,719,,4803,184,243,136.0
2010-10-08 00:00:00,112564,2219,,6623,458,2908,
2010-10-01 00:00:00,121314,1003,,3889,824,750,303.0
2010-09-24 00:00:00,92410,2398,,6600,322,1580,108.0
2010-09-17 00:00:00,120222,1020,,4311,436,2050,
2010-09-10 00:00:00,79446,1244,,6004,159,1898,194.0
2010-09-03 00:00:00,147223,1967,,8297,1884,1476,494.0
2010-08-27 00:00:00,92800,2133,,8419,788,1096,249.0
2010-08-20 00:00:00,121081,407,,6374,1059,421,322.0
2010-08-13 00:00:00,148454,1777,,6858,1457,2270,171.0
2010-08-06 00:00:00,109379,1918,,6722,2359,1878,535.0
2010-07-30 00:00:00,92236,1250,,4204,3688,2688,1616.0
2010-07-23 00:00:00,88330,1420,,7536,3045,2580,1.0
2010-07-16 00:00:00,99406,936,,6498,1840,2930,153.0
2010-07-09 00:00:00,81752,973,,4843,3065,1993,1199.0
2010-07-02 00:00:00,150374,2968,,10419,3750,2621,902.0
2010-06-25 00:00:00,119593,3749,,4523,1260,2328,
2010-06-18 00:00:00,137871,2657,,6199,4520,3777,
2010-06-11 00:00:00,153295,1471,38,2879,624,2430,204.0
2010-06-04 00:00:00,181941,1477,5249,16230,2600,3486,45.0
2010-05-28 00:00:00,164111,2582,1580,9355,2833,1746,170.0
2010-05-21 00:00:00,197925,3038,4557,9740,1996,1489,293.0
2010-05-14 00:00:00,197673,2736,7420,6814,1566,5262,1201.0
2010-05-07 00:00:00,151554,3260,,11287,2723,4659,341.0
2010-04-30 00:00:00,131159,4105,,14147,3282,3431,48.0
2010-04-23 00:00:00,129654,4356,,14747,2655,3763,684.0
2010-04-16 00:00:00,85035,3042,,19311,2771,2628,269.0
2010-04-09 00:00:00,80418,4353,,34675,3666,5243,219.0
2010-04-02 00:00:00,40893,2982,,11009,1077,2135,1689.0
2009-10-01 00:00:00,,,,,,,
2010-03-26 00:00:00,44792,2989,,12670,2033,1106,3.0
2010-03-19 00:00:00,61364,3017,,6456,750,2622,124.0
2010-03-12 00:00:00,54209,2304,,12374,550,1710,20.0
2010-03-05 00:00:00,63723,1780,,8933,475,780,440.0
2010-02-26 00:00:00,80840,3875,,11919,200,1945,394.0
2010-02-19 00:00:00,75785,2980,,6244,1179,2090,71.0
2010-02-12 00:00:00,64746,2968,,6723,1909,1842,
2010-02-05 00:00:00,84800,4205,,13193,1466,4164,152.0
2010-01-29 00:00:00,102986,3434,,9581,968,890,579.0
2010-01-22 00:00:00,113574,2368,,10589,1686,573,1.0
2010-01-15 00:00:00,83205,3427,,11587,814,755,299.0
2010-01-08 00:00:00,81997,4967,,20787,2608,4780,1353.0
2010-01-01 00:00:00,56315,3111,,17679,700,3366,
2009-12-25 00:00:00,86371,2935,,10081,930,102,
2009-12-18 00:00:00,107941,3745,,21316,1321,660,250.0
2009-12-11 00:00:00,105798,1678,,4955,1143,770,120.0
2009-12-04 00:00:00,113512,3890,,5416,1109,737,448.0
2009-11-27 00:00:00,193326,3481,,8123,2077,3158,166.0
2009-11-20 00:00:00,133104,2311,,11081,1604,4271,445.0
2009-11-13 00:00:00,101318,2556,,8890,2110,3268,580.0
2009-11-06 00:00:00,77242,3893,,11317,2047,3914,182.0
2009-10-30 00:00:00,137916,2793,,12313,1822,3585,216.0
2009-10-23 00:00:00,67899,1122,,13040,930,2438,964.0
2009-10-16 00:00:00,51391,1745,,5538,2605,4163,2302.0
2009-10-09 00:00:00,106093,2215,,26263,3500,5636,
2009-10-02 00:00:00,51937,594,,7355,1160,1140,431.0
2009-09-25 00:00:00,127196,2620,,13445,1990,3069,1972.0
2009-09-18 00:00:00,181781,3677,,13684,908,1034,4725.0
2009-09-11 00:00:00,103496,3753,,6128,1963,3336,4497.0
2009-09-04 00:00:00,86234,439,,4592,1363,2201,3575.0
2009-08-28 00:00:00,100425,4107,,4293,476,2225,3263.0
2009-08-21 00:00:00,56465,863,,6300,1850,905,6445.0
2009-08-14 00:00:00,63935,3121,,7383,1974,2477,200.0
2009-08-07 00:00:00,60188,5609,,6234,2339,1554,4122.0
2009-07-31 00:00:00,88408,3543,,5505,1072,2007,706.0
2009-07-24 00:00:00,106040,2086,,8287,1835,739,4211.0
2009-07-17 00:00:00,115690,1528,,14129,810,2209,1497.0
2009-07-10 00:00:00,133564,3512,,11378,510,2013,3443.0
2009-07-03 00:00:00,153815,1067,,15580,2000,2065,569.0
2009-06-26 00:00:00,105406,1313,,13502,516,2666,0.0
2009-06-19 00:00:00,110702,1494,,5089,2018,5093,4620.0
2009-06-12 00:00:00,74743,3005,,4680,1830,3504,116.0
2009-06-05 00:00:00,98424,2423,,10210,250,2213,2124.0
2009-05-29 00:00:00,87711,1667,,6384,846,1290,103.0
2009-05-22 00:00:00,113286,2405,,7753,941,953,3642.0
2009-05-15 00:00:00,101847,3518,,10281,412,2532,2131.0
2009-05-08 00:00:00,149290,8321,,19118,1703,3421,9705.0
2009-05-01 00:00:00,91942,4009,,5499,2572,2636,1808.0
2009-04-24 00:00:00,192811,3452,,14240,2121,6121,8859.0
2009-04-17 00:00:00,124265,4022,,12308,2470,3030,2255.0
2009-04-10 00:00:00,59264,3143,,19500,3464,6559,7934.0
2009-04-03 00:00:00,64488,3352,,3917,943,1498,3531.0
2008-09-01 00:00:00,,,,,,,
2009-03-27 00:00:00,52078,12393,,5902,648,2684,19272.0
2009-03-20 00:00:00,82843,5494,,8134,1572,3359,11780.0
2009-03-13 00:00:00,49332,3223,,5878,855,1743,12801.0
2009-03-06 00:00:00,89306,3833,,9087,1824,1996,10426.0
2009-02-27 00:00:00,62886,967,,9946,2407,2666,5768.0
2009-02-20 00:00:00,73919,895,,6024,820,1834,0.0
2009-02-13 00:00:00,104074,1011,,12334,884,2149,470.0
2009-02-06 00:00:00,90772,140,,11216,893,1920,17.0
2009-01-30 00:00:00,85966,616,,6723,60,1499,89.0
2009-01-23 00:00:00,149717,998,,5482,1656,3510,1.0
2009-01-16 00:00:00,172790,2377,,8928,139,3001,1135.0
2009-01-09 00:00:00,135572,958,,4363,546,3204,1289.0
2009-01-02 00:00:00,151298,1030,,3411,697,1375,3319.0
2008-12-26 00:00:00,111541,2434,,3795,705,1539,2122.0
2008-12-19 00:00:00,211934,3198,,9305,366,3056,2895.0
2008-12-12 00:00:00,136768,1268,,7184,746,922,2505.0
2008-12-05 00:00:00,147599,1559,,8115,882,3182,1915.0
2008-11-28 00:00:00,108971,880,,5966,906,1490,711.0
2008-11-21 00:00:00,117901,952,,7173,928,4766,0.0
2008-11-14 00:00:00,50559,727,,4102,526,3434,157.0
2008-11-07 00:00:00,74900,294,,3363,834,2298,16.0
2008-10-31 00:00:00,40242,112,,2416,461,581,8.0
2008-10-24 00:00:00,69152,1425,,3267,536,3051,485.0
2008-10-17 00:00:00,79368,868,,2785,815,1770,395.0
2008-10-10 00:00:00,58448,368,,1889,209,476,26.0
2008-10-03 00:00:00,34064,437,,1695,673,402,351.0
2008-09-26 00:00:00,58427,31,,2679,667,1312,3.0
2008-09-19 00:00:00,85511,259,,4122,576,909,50.0
2008-09-12 00:00:00,78244,283,,4948,1276,1937,1012.0
2008-09-05 00:00:00,75973,85,,4535,207,1190,1615.0
2008-08-29 00:00:00,75725,127,,4762,137,390,7046.0
2008-08-22 00:00:00,40794,169,,2863,1006,691,646.0
2008-08-15 00:00:00,57688,195,,2341,262,1837,22.0
2008-08-08 00:00:00,44838,797,,2686,131,1306,1.0
2008-08-01 00:00:00,41729,145,,1679,545,2569,396.0
2008-07-25 00:00:00,43561,186,,1623,986,988,900.0
2008-07-18 00:00:00,31152,315,,986,204,1052,771.0
2008-07-11 00:00:00,43568,208,,1605,685,2236,2666.0
2008-07-04 00:00:00,26075,3568,,448,811,3010,2899.0
2008-06-27 00:00:00,53715,633,,2433,851,1444,4676.0
2008-06-20 00:00:00,52199,136,,3322,8,471,4140.0
2008-06-13 00:00:00,56657,308,,1630,410,443,4770.0
2008-06-06 00:00:00,32766,369,,2681,278,2562,397.0
2008-05-30 00:00:00,49620,511,,915,159,280,51.0
2008-05-23 00:00:00,38588,100,,3393,713,1036,35.0
2008-05-16 00:00:00,70162,211,,2410,447,876,175.0
2008-05-09 00:00:00,86551,10048,,3077,1020,1751,0.0
2008-05-02 00:00:00,60950,889,,1664,188,630,90.0
2008-04-25 00:00:00,43241,1327,,2075,719,1608,454.0
2008-04-18 00:00:00,26170,219,,1621,324,650,276.0
2008-04-11 00:00:00,56784,185,,3693,680,2589,795.0
2008-04-04 00:00:00,37032,672,,1471,807,3355,66.0
2007-08-01 00:00:00,,,,,,,
2008-03-28 00:00:00,48377,913,,1357,1116,2102,369.0
2008-03-21 00:00:00,18076,170,,130,382,987,55.0
2008-03-14 00:00:00,50021,718,,718,284,3251,870.0
2008-03-07 00:00:00,56095,161,,670,274,1829,2135.0
2008-02-29 00:00:00,70870,1174,,447,298,1359,2690.0
2008-02-22 00:00:00,73039,1724,,453,604,2831,201.0
2008-02-15 00:00:00,110789,303,,729,1160,3299,11.0
2008-02-08 00:00:00,92110,353,,645,1805,1233,1.0
2008-02-01 00:00:00,87994,1176,,537,617,3193,95.0
2008-01-25 00:00:00,129720,562,,1326,1349,2368,0.0
2008-01-18 00:00:00,137413,347,,1490,1653,2820,580.0
2008-01-11 00:00:00,154765,1491,,1326,1671,7152,1230.0
2008-01-04 00:00:00,132414,2012,,1440,1328,9664,3535.0
2007-12-28 00:00:00,36831,613,,766,816,4565,635.0
2007-12-21 00:00:00,43163,389,,1484,771,1639,885.0
2007-12-14 00:00:00,64026,411,,2083,636,3486,2231.0
2007-12-07 00:00:00,68448,931,,1666,276,3761,1621.0
2007-11-30 00:00:00,38381,684,,506,824,1900,47.0
2007-11-23 00:00:00,10296,733,,1544,463,3317,21.0
2007-11-16 00:00:00,5823,628,,966,1348,4763,100.0
2007-11-09 00:00:00,7864,165,,610,1323,2557,0.0
2007-11-02 00:00:00,14251,440,,3438,2081,870,25.0
2007-10-26 00:00:00,9145,131,,5862,1768,4117,0.0
2007-10-19 00:00:00,9682,138,,4206,2572,815,341.0
2007-10-12 00:00:00,8520,878,,6296,2353,7598,113.0
2007-10-05 00:00:00,16285,428,,3358,2724,6084,77.0
2007-09-28 00:00:00,14519,351,,1468,440,2702,29.0
2007-09-21 00:00:00,7073,390,,430,1194,1079,1.0
2007-09-14 00:00:00,9001,117,,578,1589,2715,219.0
2007-09-07 00:00:00,6800,101,,837,2605,1348,180.0
2007-08-31 00:00:00,9172,343,,765,1318,4834,136.0
2007-08-24 00:00:00,7838,856,,2114,1586,1659,92.0
2007-08-17 00:00:00,13429,404,,1613,130,920,11.0
2007-08-10 00:00:00,11973,284,,2050,730,1694,201.0
2007-08-03 00:00:00,11882,435,,2874,1962,3709,43.0
2007-07-27 00:00:00,20746,535,,2144,614,1944,35.0
2007-07-20 00:00:00,15278,688,,3573,229,3684,1.0
2007-07-13 00:00:00,16920,393,,4680,297,3602,106.0
2007-07-06 00:00:00,12933,199,,2284,700,3575,573.0
2007-06-29 00:00:00,6771,350,,2474,1916,1409,14.0
2007-06-22 00:00:00,7306,738,,5962,539,2187,1.0
2007-06-15 00:00:00,6057,270,,2592,1047,255,0.0
2007-06-08 00:00:00,11432,316,,2939,951,2209,30.0
2007-06-01 00:00:00,6505,238,,5599,1688,1954,222.0
2007-05-25 00:00:00,7507,1401,,2873,253,1373,138.0
2007-05-18 00:00:00,8781,235,,1182,189,642,84.0
2007-05-11 00:00:00,9543,405,,973,834,471,93.0
2007-05-04 00:00:00,7323,260,,1178,122,518,367.0
2007-04-27 00:00:00,6188,833,,2247,495,1268,33.0
2007-04-20 00:00:00,7700,198,,1127,794,242,252.0
2007-04-13 00:00:00,12211,1204,,4707,1201,3757,12.0
2007-04-06 00:00:00,6984,115,,1566,320,96,36.0
2006-07-01 00:00:00,,,,,,,
2007-03-30 00:00:00,6920,1148,,1161,576,785,224.0
2007-03-23 00:00:00,6383,567,,801,1341,164,562.0
2007-03-16 00:00:00,6765,824,,831,551,2003,28.0
2007-03-09 00:00:00,10006,698,,892,1285,1857,423.0
2007-03-02 00:00:00,6380,1095,,1604,186,916,169.0
2007-02-23 00:00:00,8248,213,,1899,201,1241,13.0
2007-02-16 00:00:00,11050,489,,570,134,2261,9.0
2007-02-09 00:00:00,7599,541,,1160,1320,1216,0.0
2007-02-02 00:00:00,5953,79,,530,990,130,52.0
2007-01-26 00:00:00,4018,294,,386,616,185,0.0
2007-01-19 00:00:00,9048,58,,1859,962,1418,1.0
2007-01-12 00:00:00,13633,446,,1175,1148,1696,228.0
2007-01-05 00:00:00,8331,521,,1977,430,2315,322.0
2006-12-29 00:00:00,6351,289,,684,161,1005,4.0
2006-12-22 00:00:00,9302,773,,2012,251,1866,0.0
2006-12-15 00:00:00,8255,405,,789,800,543,10.0
2006-12-08 00:00:00,9315,685,,1204,878,3965,5.0
2006-12-01 00:00:00,12924,702,,739,149,2157,39.0
2006-11-24 00:00:00,15495,506,,1389,1535,5370,43.0
2006-11-17 00:00:00,14164,360,,1496,2510,2525,65.0
2006-11-10 00:00:00,19353,278,,173,2004,3797,0.0
2006-11-03 00:00:00,8775,204,,1308,1912,742,43.0
2006-10-27 00:00:00,2937,77,,212,400,579,0.0
2006-10-20 00:00:00,8269,436,,1258,850,1984,132.0
2006-10-13 00:00:00,12697,120,,1224,1123,2930,13.0
2006-10-06 00:00:00,7258,143,,2325,611,2721,88.0
2006-09-29 00:00:00,19091,381,,744,568,3170,15.0
2006-09-22 00:00:00,11673,616,,764,1259,3384,16.0
2006-09-15 00:00:00,14999,235,,2145,1133,2443,10.0
2006-09-08 00:00:00,10465,245,,2513,2004,2266,141.0
2006-09-01 00:00:00,8681,362,,2456,910,3724,97.0
2006-08-25 00:00:00,18511,337,,1867,1332,3633,34.0
2006-08-18 00:00:00,5629,143,,2088,1432,2811,35.0
2006-08-11 00:00:00,14246,353,,2475,2429,1835,5.0
2006-08-04 00:00:00,4813,95,,3140,2444,3490,92.0
2006-07-28 00:00:00,9489,136,,725,1797,957,23.0
2006-07-21 00:00:00,5104,458,,1777,44,2638,0.0
2006-07-14 00:00:00,7699,520,,1442,1260,1488,10.0
2006-07-07 00:00:00,1897,218,,1262,710,3245,355.0
2006-06-30 00:00:00,4440,500,,1301,1569,2070,653.0
2006-06-23 00:00:00,8602,548,,786,860,3510,35.0
2006-06-16 00:00:00,4576,627,,1501,2156,1682,0.0
2006-06-09 00:00:00,6945,315,,797,1492,3174,60.0
2006-06-02 00:00:00,2903,325,,1612,2613,2435,135.0
2006-05-26 00:00:00,6846,306,,1045,350,3717,55.0
2006-05-19 00:00:00,9792,1993,,2127,2023,1432,139.0
2006-05-12 00:00:00,12094,1291,,1025,683,3189,1207.0
2006-05-05 00:00:00,13541,772,,2020,1019,2429,52.0
2006-04-28 00:00:00,19579,257,,1420,649,2339,503.0
2006-04-21 00:00:00,18341,112,,459,511,6525,325.0
2006-04-14 00:00:00,9817,180,,29,408,4617,40.0
2006-04-07 00:00:00,4222,302,,286,478,3185,54.0
2005-06-01 00:00:00,,,,,,,
2006-03-31 00:00:00,7863,1307,,765,700,3518,667.0
2006-03-24 00:00:00,7206,429,,645,287,2476,261.0
2006-03-17 00:00:00,4466,1026,,1092,598,2003,35.0
2006-03-10 00:00:00,8654,887,,998,386,1926,83.0
2006-03-03 00:00:00,8741,1071,,1719,942,1734,209.0
2006-02-24 00:00:00,8151,657,,1060,603,1181,123.0
2006-02-17 00:00:00,7584,308,,984,343,1583,95.0
2006-02-10 00:00:00,11692,91,,304,270,1308,472.0
2006-02-03 00:00:00,8867,712,,1135,1240,3522,44.0
2006-01-27 00:00:00,6790,476,,633,354,1933,0.0
2006-01-20 00:00:00,7561,373,,691,520,3786,164.0
2006-01-13 00:00:00,8946,259,,532,393,1891,0.0
2006-01-06 00:00:00,11778,524,,1111,1461,4078,497.0
2005-12-30 00:00:00,10777,355,,674,263,1867,0.0
2005-12-23 00:00:00,2568,340,,357,83,1495,0.0
2005-12-16 00:00:00,23145,598,,1558,1482,3672,0.0
2005-12-09 00:00:00,28702,382,,1150,977,2676,0.0
2005-12-02 00:00:00,24476,623,,1704,1671,3633,58.0
2005-11-25 00:00:00,40513,563,,2444,788,3328,31.0
2005-11-18 00:00:00,17010,320,,1397,1088,1862,16.0
2005-11-11 00:00:00,21067,632,,931,2191,4810,0.0
2005-11-04 00:00:00,8600,489,,1201,906,1501,32.0
2005-10-28 00:00:00,33753,926,,1703,1888,2921,20.0
2005-10-21 00:00:00,15751,1115,,3332,2263,3619,66.0
2005-10-14 00:00:00,14418,464,,3370,444,4439,10.0
2005-10-07 00:00:00,18559,530,,2469,1129,5024,28.0
2005-09-30 00:00:00,17522,751,,1082,724,3069,49.0
2005-09-23 00:00:00,32818,1859,,1630,875,3843,33.0
2005-09-16 00:00:00,41770,1556,,1546,531,6876,1.0
2005-09-09 00:00:00,51432,641,,1169,1593,3994,145.0
2005-09-02 00:00:00,32844,832,,1949,637,6947,115.0
2005-08-26 00:00:00,26466,671,,2539,1232,7232,6.0
2005-08-19 00:00:00,28768,366,,2014,1269,8474,0.0
2005-08-12 00:00:00,38035,958,,5545,1718,8034,0.0
2005-08-05 00:00:00,25176,700,,2683,779,4648,29.0
2005-07-29 00:00:00,22811,186,,663,310,2869,37.0
2005-07-22 00:00:00,25230,356,,1816,145,2689,0.0
2005-07-15 00:00:00,18883,649,,1147,302,2151,0.0
2005-07-08 00:00:00,40501,1288,,5463,2430,3784,286.0
2005-07-01 00:00:00,29549,876,,1125,145,3253,240.0
2005-06-24 00:00:00,56195,733,,2895,959,3375,288.0
2005-06-17 00:00:00,26856,1385,,2772,692,1616,230.0
2005-06-10 00:00:00,70251,1455,,3570,125,4867,9.0
2005-06-03 00:00:00,31045,1543,,3984,917,6796,398.0
2005-05-27 00:00:00,22116,1449,,2946,769,5396,129.0
2005-05-20 00:00:00,32788,2552,,3142,383,4635,20.0
2005-05-13 00:00:00,3537,35,,455,187,1729,0.0
2005-05-06 00:00:00,4745,38,,1600,121,1262,176.0
2005-04-29 00:00:00,24542,1432,,6338,1110,9619,0.0
2005-04-22 00:00:00,25466,149,,2858,67,9832,12.0
2005-04-15 00:00:00,11927,179,,8279,1101,10445,234.0
2005-04-08 00:00:00,25867,200,,13858,614,10195,0.0
2005-04-01 00:00:00,18157,857,,8119,,6906,17.0
2004-05-01 00:00:00,,,,,,,
2005-03-25 00:00:00,12523,308,,4490,,4913,0.0
2005-03-18 00:00:00,16134,700,,5187,,6345,0.0
2005-03-11 00:00:00,22655,377,,3289,,8846,9.0
2005-03-04 00:00:00,28530,386,,7240,,11274,355.0
2005-02-25 00:00:00,26822,407,,6729,,7825,24.0
2005-02-18 00:00:00,36131,683,,3819,,9246,13.0
2005-02-11 00:00:00,42892,552,,5340,,5162,0.0
2005-02-04 00:00:00,19612,692,,5808,,10986,11.0
2005-01-28 00:00:00,9742,377,,6301,,7110,13.0
2005-01-21 00:00:00,19663,994,,3392,,4806,0.0
2005-01-14 00:00:00,27639,2839,,4435,,5564,121.0
2005-01-07 00:00:00,48065,1018,,4018,,8655,258.0
2004-12-31 00:00:00,25056,945,,6960,,5487,183.0
2004-12-24 00:00:00,26266,2349,,5230,,2590,0.0
2004-12-17 00:00:00,30763,1869,,4284,,5065,231.0
2004-12-10 00:00:00,28077,1504,,5109,,6574,30.0
2004-12-03 00:00:00,28713,648,,4113,,8684,31.0
2004-11-26 00:00:00,19372,920,,4004,,5587,130.0
2004-11-19 00:00:00,16662,711,,3121,,5539,35.0
2004-11-12 00:00:00,24064,821,,6089,,3635,98.0
2004-11-05 00:00:00,15240,1382,,6028,,5537,79.0
2004-10-29 00:00:00,31564,1850,,4425,,3698,0.0
2004-10-22 00:00:00,23260,1009,,3415,,3434,0.0
2004-10-15 00:00:00,27335,4267,,4035,,3671,48.0
2004-10-08 00:00:00,20423,291,,6053,,2106,56.0
2004-10-01 00:00:00,23928,1128,,8253,,4166,85.0
2004-09-24 00:00:00,43880,1104,,5795,,1993,0.0
2004-09-17 00:00:00,39635,1092,,5898,,4335,5.0
2004-09-10 00:00:00,49155,1493,,5184,,1536,12.0
2004-09-03 00:00:00,45312,721,,8385,,4386,86.0
2004-08-27 00:00:00,44734,403,,8492,,3941,29.0
2004-08-20 00:00:00,20356,585,,2196,,737,9.0
2004-08-13 00:00:00,26063,188,,6368,,2054,45.0
2004-08-06 00:00:00,24910,556,,6793,,3498,11.0
2004-07-30 00:00:00,23881,988,,6048,,4092,12.0
2004-07-23 00:00:00,25557,1610,,5166,,2456,6.0
2004-07-16 00:00:00,19364,1269,,7144,,1880,22.0
2004-07-09 00:00:00,41912,952,,3854,,2746,0.0
2004-07-02 00:00:00,29201,671,,5742,,3862,189.0
2004-06-25 00:00:00,38987,1299,,3322,,4879,0.0
2004-06-18 00:00:00,40449,2197,,4778,,2057,0.0
2004-06-11 00:00:00,49371,1536,,3906,,5797,0.0
2004-06-04 00:00:00,43203,827,,6263,,3100,60.0
2004-05-28 00:00:00,32722,1571,,6136,,4326,87.0
2004-05-21 00:00:00,50287,469,,4452,,3500,5.0
2004-05-14 00:00:00,54461,441,,6091,,3714,14.0
2004-05-07 00:00:00,43692,499,,4560,,2196,10.0
2004-04-30 00:00:00,46406,945,,2388,,3465,0.0
2004-04-23 00:00:00,74244,738,,4656,,3496,34.0
2004-04-16 00:00:00,83938,633,,6904,,2587,117.0
2004-04-09 00:00:00,65426,83,,567,,3166,89.0
2004-04-02 00:00:00,62169,1032,,1225,,2863,0.0
2003-04-01 00:00:00,,,,,,,
2004-03-26 00:00:00,50143,2642,,2105,,3657,7.0
2004-03-19 00:00:00,55167,1169,,1595,,5392,0.0
2004-03-12 00:00:00,60352,709,,1856,,4461,8.0
2004-03-05 00:00:00,32308,267,,1356,,3258,54.0
2004-02-27 00:00:00,38057,625,,1409,,2184,0.0
2004-02-20 00:00:00,29115,456,,1463,,1838,18.0
2004-02-13 00:00:00,38579,867,,1983,,3747,0.0
2004-02-06 00:00:00,34281,677,,1744,,2043,17.0
2004-01-30 00:00:00,25280,239,,472,,2775,50.0
2004-01-23 00:00:00,31647,354,,1300,,1638,0.0
2004-01-16 00:00:00,36023,654,,1490,,2163,0.0
2004-01-09 00:00:00,68575,580,,2196,,1761,5021.0
2004-01-02 00:00:00,47311,777,,2286,,4096,157.0
2003-12-26 00:00:00,42013,374,,1745,,1607,0.0
2003-12-19 00:00:00,41844,990,,1381,,1387,0.0
2003-12-12 00:00:00,31910,611,,2154,,1790,21.0
2003-12-05 00:00:00,37351,464,,925,,2438,110.0
2003-11-28 00:00:00,26097,492,,2204,,1671,34.0
2003-11-21 00:00:00,37933,205,,1990,,2299,0.0
2003-11-14 00:00:00,49143,212,,1467,,2296,30.0
2003-11-07 00:00:00,60372,192,,2031,,2924,15.0
2003-10-31 00:00:00,37780,525,,1729,,3103,1000.0
2003-10-24 00:00:00,43025,776,,2002,,1496,1923.0
2003-10-17 00:00:00,114315,1235,,2487,,2449,11000.0
2003-10-10 00:00:00,107856,415,,1683,,2027,15.0
2003-10-03 00:00:00,79485,231,,1870,,2641,47.0
2003-09-26 00:00:00,73623,516,,4393,,3336,39.0
2003-09-19 00:00:00,59812,803,,4158,,2314,7.0
2003-09-12 00:00:00,70365,604,,2504,,2710,5007.0
2003-09-05 00:00:00,66673,1000,,3323,,3040,55.0
2003-08-29 00:00:00,120475,1464,,3751,,3870,20.0
2003-08-22 00:00:00,79171,619,,2682,,3005,11479.0
2003-08-15 00:00:00,114101,1506,,3296,,2005,0.0
2003-08-08 00:00:00,99314,655,,2594,,1194,0.0
2003-08-01 00:00:00,85759,682,,2441,,1555,47.0
2003-07-25 00:00:00,87062,256,,1831,,2779,0.0
2003-07-18 00:00:00,51702,245,,3131,,2501,0.0
2003-07-11 00:00:00,56444,212,,2483,,4509,0.0
2003-07-04 00:00:00,52630,819,,1704,,520,57.0
2003-06-27 00:00:00,84391,389,,1795,,2497,0.0
2003-06-20 00:00:00,73970,1401,,1369,,2742,16.0
2003-06-13 00:00:00,62430,411,,1031,,2192,0.0
2003-06-06 00:00:00,80062,863,,1295,,1239,29.0
2003-05-30 00:00:00,101003,720,,755,,1232,5407.0
2003-05-23 00:00:00,86637,413,,1605,,3997,82.0
2003-05-16 00:00:00,34308,187,,580,,1948,22.0
2003-05-09 00:00:00,68876,408,,942,,1986,49.0
2003-05-02 00:00:00,44070,323,,1326,,2358,8.0
2003-04-25 00:00:00,61549,391,,2487,,3966,0.0
2003-04-18 00:00:00,25851,118,,955,,1930,6.0
2003-04-11 00:00:00,65533,304,,1202,,4590,0.0
2003-04-04 00:00:00,45087,551,,2002,,3987,1.0
2002-03-01 00:00:00,,,,,,,
2003-03-28 00:00:00,38826,381,,1637,,2755,8.0
2003-03-21 00:00:00,19719,576,,1653,,1655,0.0
2003-03-14 00:00:00,17856,788,,1410,,1307,8.0
2003-03-07 00:00:00,41285,489,,3096,,2326,50.0
2003-02-28 00:00:00,33631,468,,1248,,1732,0.0
2003-02-21 00:00:00,43696,303,,2870,,1126,6.0
2003-02-14 00:00:00,25034,187,,2060,,850,14.0
2003-02-07 00:00:00,37328,92,,2958,,1501,68.0
2003-01-31 00:00:00,47670,380,,2685,,1053,0.0
2003-01-24 00:00:00,72252,168,,2794,,1993,0.0
2003-01-17 00:00:00,113752,241,,4100,,2021,10995.0
2003-01-10 00:00:00,72547,626,,2506,,1066,0.0
2003-01-03 00:00:00,95537,901,,2410,,1046,1.0
2002-12-27 00:00:00,68604,735,,2405,,1494,0.0
2002-12-20 00:00:00,82131,286,,1867,,907,0.0
2002-12-13 00:00:00,40369,292,,1049,,962,18.0
2002-12-06 00:00:00,67369,366,,812,,1652,4530.0
2002-11-29 00:00:00,80816,764,,1293,,1801,4.0
2002-11-22 00:00:00,91519,463,,1082,,3106,11051.0
2002-11-15 00:00:00,90901,337,,1461,,1881,0.0
2002-11-08 00:00:00,54120,274,,844,,1767,17.0
2002-11-01 00:00:00,63247,257,,1344,,870,1.0
2002-10-25 00:00:00,52281,303,,1338,,1573,0.0
2002-10-18 00:00:00,58786,198,,991,,1151,0.0
2002-10-11 00:00:00,52933,520,,1003,,3528,0.0
2002-10-04 00:00:00,33746,259,,621,,1487,43.0
2002-09-27 00:00:00,23637,463,,893,,1505,28.0
2002-09-20 00:00:00,36991,714,,350,,863,4.0
2002-09-13 00:00:00,36559,487,,419,,1207,87.0
2002-09-06 00:00:00,77634,422,,454,,1475,6259.0
2002-08-30 00:00:00,59175,285,,1018,,3001,5.0
2002-08-23 00:00:00,41741,388,,757,,2175,0.0
2002-08-16 00:00:00,37116,172,,576,,874,4014.0
2002-08-09 00:00:00,76806,184,,1113,,2348,3000.0
2002-08-02 00:00:00,56179,299,,617,,1901,0.0
2002-07-26 00:00:00,54236,73,,866,,2350,6536.0
2002-07-19 00:00:00,46566,50,,1109,,1318,0.0
2002-07-12 00:00:00,60300,242,,900,,1493,0.0
2002-07-05 00:00:00,39479,187,,1088,,1685,2.0
2002-06-28 00:00:00,39968,262,,1589,,1015,0.0
2002-06-21 00:00:00,24343,45,,709,,1117,53.0
2002-06-14 00:00:00,31170,181,,874,,660,26.0
2002-06-07 00:00:00,21384,65,,537,,1152,111.0
2002-05-31 00:00:00,26946,195,,931,,1025,1515.0
2002-05-24 00:00:00,26252,106,,932,,1205,0.0
2002-05-17 00:00:00,23713,99,,1124,,1968,0.0
2002-05-10 00:00:00,30732,137,,531,,1635,9.0
2002-05-03 00:00:00,29632,213,,747,,1487,0.0
2002-04-26 00:00:00,25931,482,,119,,899,0.0
2002-04-19 00:00:00,24409,338,,344,,956,0.0
2002-04-12 00:00:00,64345,746,,795,,1934,5280.0
2002-04-05 00:00:00,65971,527,,750,,1862,27.0
2001-02-01 00:00:00,,,,,,,
2002-03-29 00:00:00,23112,386,,443,,648,2.0
2002-03-22 00:00:00,36016,766,,651,,1355,0.0
2002-03-15 00:00:00,20147,210,,291,,641,5.0
2002-03-08 00:00:00,39497,458,,705,,366,30.0
2002-03-01 00:00:00,20499,263,,324,,440,5.0
2002-02-22 00:00:00,38972,231,,954,,1330,0.0
2002-02-15 00:00:00,74560,465,,881,,1479,1.0
2002-02-08 00:00:00,77739,416,,1035,,1564,16.0
2002-02-01 00:00:00,67131,443,,1054,,1208,6.0
2002-01-25 00:00:00,59832,524,,1038,,2770,0.0
2002-01-18 00:00:00,58316,88,,1287,,2596,0.0
2002-01-11 00:00:00,52321,357,,1974,,3672,0.0
2002-01-04 00:00:00,36846,145,,649,,1692,84.0
2001-12-28 00:00:00,15011,258,,917,,1715,2.0
2001-12-21 00:00:00,22161,135,,582,,1419,0.0
2001-12-14 00:00:00,44142,208,,546,,655,1364.0
2001-12-07 00:00:00,74888,342,,794,,2563,6500.0
2001-11-30 00:00:00,56504,116,,741,,1632,20.0
2001-11-23 00:00:00,70828,323,,859,,2354,6.0
2001-11-16 00:00:00,29619,152,,453,,569,0.0
2001-11-09 00:00:00,55335,401,,1283,,3882,0.0
2001-11-02 00:00:00,58476,370,,735,9,1422,0.0
2001-10-26 00:00:00,44130,303,,601,,2078,20.0
2001-10-19 00:00:00,35504,112,,191,,851,0.0
2001-10-12 00:00:00,35146,219,,867,,907,13.0
2001-10-05 00:00:00,33937,211,,743,,1044,116.0
2001-09-28 00:00:00,39164,151,,1616,,3128,2558.0
2001-09-21 00:00:00,35773,,,582,,2258,2441.0
2001-09-14 00:00:00,44384,36,,1069,20,783,29.0
2001-09-07 00:00:00,38489,374,,846,38,998,1004.0
2001-08-31 00:00:00,85107,370,,709,18,1943,10227.0
2001-08-24 00:00:00,28497,128,,572,2,2214,0.0
2001-08-17 00:00:00,29994,109,,696,10,891,6.0
2001-08-10 00:00:00,43996,170,,1117,9,1856,12.0
2001-08-03 00:00:00,26233,163,,1082,67,2341,18.0
2001-07-27 00:00:00,33939,210,,649,18,2227,0.0
2001-07-20 00:00:00,39295,116,,904,46,1737,61.0
2001-07-13 00:00:00,66961,53,,795,57,1403,5000.0
2001-07-06 00:00:00,62846,164,,1221,2,2846,30.0
2001-06-29 00:00:00,56329,30,,651,61,1869,0.0
2001-06-22 00:00:00,58590,,,1009,,2477,4015.0
2001-06-15 00:00:00,41728,23,,732,53,1252,0.0
2001-06-08 00:00:00,34054,113,,553,21,2457,1822.0
2001-06-01 00:00:00,60324,260,,936,155,3458,4.0
2001-05-25 00:00:00,40566,210,,552,81,1802,4.0
2001-05-18 00:00:00,47041,117,,214,91,1595,0.0
2001-05-11 00:00:00,29180,118,,26,222,1650,9.0
2001-05-04 00:00:00,35039,267,,269,72,2087,14.0
2001-04-27 00:00:00,42412,187,,303,189,2618,5000.0
2001-04-20 00:00:00,29757,425,,602,307,2248,0.0
2001-04-13 00:00:00,20915,259,,780,236,2459,0.0
2001-04-06 00:00:00,12499,81,,270,245,1440,60.0
2000-01-01 00:00:00,,,,,,,
2001-03-30 00:00:00,18583,261,,289,644,2416,2.0
2001-03-23 00:00:00,20201,80,,554,237,2350,6.0
2001-03-16 00:00:00,25393,83,,474,181,1676,23.0
2001-03-09 00:00:00,24994,30,,371,223,3040,9.0
2001-03-02 00:00:00,44455,88,,743,382,3863,0.0
2001-02-23 00:00:00,29283,69,,634,451,2164,0.0
2001-02-16 00:00:00,35365,98,,715,204,1925,0.0
2001-02-09 00:00:00,43384,127,,610,170,3152,2.0
2001-02-02 00:00:00,27745,184,,103,76,1070,0.0
2001-01-26 00:00:00,35245,193,,174,198,1592,0.0
2001-01-19 00:00:00,38368,157,,159,84,1160,61.0
2001-01-12 00:00:00,28998,149,,164,89,2161,0.0
2001-01-05 00:00:00,32232,160,,266,63,2053,26.0
2000-12-29 00:00:00,11331,44,,141,29,1000,0.0
2000-12-22 00:00:00,25257,166,,524,146,1728,0.0
2000-12-15 00:00:00,21371,179,,288,336,2033,0.0
2000-12-08 00:00:00,27002,342,,471,222,2017,1671.0
2000-12-01 00:00:00,12861,92,,539,116,814,25.0
2000-11-24 00:00:00,17969,156,,101,168,1533,4.0
2000-11-17 00:00:00,25626,177,,438,513,1162,3929.0
2000-11-10 00:00:00,42006,51,,347,243,1008,7605.0
2000-11-03 00:00:00,15586,249,,378,270,2020,3.0
2000-10-27 00:00:00,10204,134,,354,107,712,0.0
2000-10-20 00:00:00,9249,25,,511,239,1845,29.0
2000-10-13 00:00:00,16576,33,,310,212,1772,0.0
2000-10-06 00:00:00,10699,165,,328,307,2060,37.0
2000-09-29 00:00:00,10619,23,,863,560,2075,1.0
2000-09-22 00:00:00,9365,34,,143,237,1925,21.0
2000-09-15 00:00:00,13554,54,,116,122,1641,1313.0
2000-09-08 00:00:00,12017,64,,50,130,1547,0.0
2000-09-01 00:00:00,6328,159,,219,152,1532,350.0
2000-08-25 00:00:00,7602,279,,179,191,2513,1874.0
2000-08-18 00:00:00,7034,239,,328,421,735,25.0
2000-08-11 00:00:00,6881,493,,356,124,916,100.0
2000-08-04 00:00:00,16829,63,,286,60,1493,2643.0
2000-07-28 00:00:00,25650,99,,377,67,1308,6390.0
2000-07-21 00:00:00,19111,31,,204,110,665,539.0
2000-07-14 00:00:00,13542,37,,238,143,612,456.0
2000-07-07 00:00:00,20083,144,,271,192,3257,1437.0
2000-06-30 00:00:00,8729,8,,70,98,330,0.0
2000-06-23 00:00:00,9990,5,,210,126,382,0.0
2000-06-16 00:00:00,7371,20,,75,106,476,8.0
2000-06-09 00:00:00,7502,14,,421,479,513,16.0
2000-06-02 00:00:00,15490,23,,372,411,1104,1663.0
2000-05-26 00:00:00,15266,49,,102,175,1778,302.0
2000-05-19 00:00:00,15221,18,,133,123,597,0.0
2000-05-12 00:00:00,21236,114,,384,236,1123,0.0
2000-05-05 00:00:00,17796,185,,335,297,988,0.0
2000-04-28 00:00:00,23046,211,,648,418,1815,0.0
2000-04-21 00:00:00,16373,27,,401,134,471,14.0
2000-04-14 00:00:00,17596,1,,200,230,637,0.0
2000-04-07 00:00:00,19247,14,,489,207,2081,32.0
1999-00,,,,,,,
2000-03-31 00:00:00,12747,157,,524,251,4388,733.0
2000-03-24 00:00:00,6417,86,,354,198,2033,366.0
2000-03-17 00:00:00,8189,71,,392,109,1405,116.0
2000-03-10 00:00:00,9792,53,,249,,3195,916.0
2000-03-03 00:00:00,17185,70,,488,82,3275,2344.0
2000-02-25 00:00:00,17730,185,,262,56,910,3219.0
2000-02-18 00:00:00,36567,99,,168,83,3690,5390.0
2000-02-11 00:00:00,31153,205,,349,154,755,0.0
2000-02-04 00:00:00,32773,131,,833,159,1221,0.0
2000-01-28 00:00:00,15012,81,,401,138,871,0.0
2000-01-21 00:00:00,20203,96,,430,123,528,0.0
2000-01-14 00:00:00,16570,15,,595,343,1221,19.0
2000-01-07 00:00:00,13997,77,,557,382,848,51.0
1999-12-31 00:00:00,9845,217,,176,148,1232,0.0
1999-12-24 00:00:00,14426,90,,404,199,788,0.0
1999-12-17 00:00:00,9181,23,,306,113,684,0.0
1999-12-10 00:00:00,23770,42,,528,345,1949,0.0
1999-12-03 00:00:00,24579,343,,409,271,1434,0.0
1999-11-26 00:00:00,17415,116,,228,49,273,0.0
1999-11-19 00:00:00,28398,209,,251,211,901,3510.0
1999-11-12 00:00:00,10538,35,,127,165,309,0.0
1999-11-05 00:00:00,17600,97,,161,161,1224,0.0
1999-10-29 00:00:00,14795,113,,163,84,536,10.0
1999-10-22 00:00:00,7450,28,,74,71,4589,2141.0
1999-10-15 00:00:00,13722,29,,425,161,60,44.0
1999-10-08 00:00:00,9048,21,,199,76,327,3.0
1999-10-01 00:00:00,13360,34,,176,83,669,30.0
1999-09-24 00:00:00,14321,103,,291,20,566,1104.0
1999-09-17 00:00:00,6240,156,,207,30,634,13.0
1999-09-10 00:00:00,6571,251,,273,220,1068,1.0
1999-09-03 00:00:00,9133,28,,223,164,785,42.0
1999-08-27 00:00:00,13516,721,,223,52,2402,2280.0
1999-08-20 00:00:00,12234,100,,343,71,1221,2.0
1999-08-13 00:00:00,18002,6,,157,43,693,503.0
1999-08-06 00:00:00,32692,68,,357,69,2829,2988.0
1999-07-30 00:00:00,15110,40,,383,63,1255,0.0
1999-07-23 00:00:00,19539,150,,295,280,600,100.0
1999-07-16 00:00:00,10831,17,,206,80,645,135.0
1999-07-09 00:00:00,13464,30,,362,93,369,38.0
1999-07-02 00:00:00,5172,118,,262,158,468,1.0
1999-06-25 00:00:00,10061,42,,139,101,367,39.0
1999-06-18 00:00:00,8519,98,,169,,844,37.0
1999-06-11 00:00:00,15612,88,,222,4,1112,892.0
1999-06-04 00:00:00,16038,245,,552,18,1357,2861.0
1999-05-28 00:00:00,21418,524,,137,,1161,2806.0
1999-05-21 00:00:00,9702,295,,250,,681,0.0
1999-05-14 00:00:00,12568,499,,235,,377,617.0
1999-05-07 00:00:00,17752,855,,160,,540,4365.0
1999-04-30 00:00:00,7811,15,,112,,539,0.0
1999-04-23 00:00:00,10781,1,,227,,1735,526.0
1999-04-16 00:00:00,14912,18,,379,,1182,2304.0
1999-04-09 00:00:00,22933,24,,252,,1505,3430.0
1999-04-02 00:00:00,6023,92,,130,,1672,761.0
1998-99,,,,,,,
1999-03-26 00:00:00,7268,69,,117,,1072,345.0
1999-03-19 00:00:00,6321,29,,480,,1072,76.0
1999-03-12 00:00:00,15100,17,,439,,1010,2203.0
1999-03-05 00:00:00,10432,27,,392,,1080,717.0
1999-02-26 00:00:00,3780,53,,735,,46,535.0
1999-02-19 00:00:00,4121,41,,1120,,666,124.0
1999-02-12 00:00:00,5243,160,,759,,898,437.0
1999-02-05 00:00:00,9458,54,,931,,625,1641.0
1999-01-29 00:00:00,8207,78,,637,,141,1291.0
1999-01-22 00:00:00,7274,11,,1055,,235,947.0
1999-01-15 00:00:00,6883,71,,521,,355,837.0
1999-01-08 00:00:00,10591,99,,1254,,751,1925.0
1999-01-01 00:00:00,3460,13,,903,,44,229.0
1998-12-25 00:00:00,2823,27,,892,,134,20.0
1998-12-18 00:00:00,5684,130,,1511,,495,347.0
1998-12-11 00:00:00,6501,1,,1415,,378,749.0
1998-12-04 00:00:00,3841,17,,1943,,320,303.0
1998-11-27 00:00:00,5493,38,,2114,,1281,656.0
1998-11-20 00:00:00,4014,88,,2774,,152,492.0
1998-11-13 00:00:00,11076,111,,2926,,1100,3696.0
1998-11-06 00:00:00,3105,112,,3122,,1929,1723.0
1998-10-30 00:00:00,3358,274,,1825,,374,276.0
1998-10-23 00:00:00,393,7,,258,,121,46.0
1998-10-16 00:00:00,1951,2,,1441,,752,216.0
1998-10-09 00:00:00,3740,47,,1395,,96,342.0
1998-10-02 00:00:00,2410,11,,434,,429,42.0
1998-09-25 00:00:00,2550,1,,298,,617,0.0
1998-09-18 00:00:00,2492,87,,370,,821,3.0
1998-09-11 00:00:00,3134,111,,272,,209,104.0
1998-09-04 00:00:00,3739,95,,457,,187,543.0
1998-08-28 00:00:00,5679,94,,96,,219,2261.0
1998-08-21 00:00:00,10561,40,,390,,898,2549.0
1998-08-14 00:00:00,10007,75,,353,,598,1746.0
1998-08-07 00:00:00,6292,31,,449,,583,343.0
1998-07-31 00:00:00,5573,1,,502,,619,45.0
1998-07-24 00:00:00,4328,1,,694,,1133,28.0
1998-07-17 00:00:00,3380,7,,330,,709,214.0
1998-07-10 00:00:00,5168,1,,199,,439,1155.0
1998-07-03 00:00:00,1994,6,,244,,662,0.0
1998-06-26 00:00:00,2052,0,,64,,574,0.0
1998-06-19 00:00:00,3429,30,,221,,555,0.0
1998-06-12 00:00:00,3159,127,,225,,282,8.0
1998-06-05 00:00:00,3665,30,,269,,622,5.0
1998-05-29 00:00:00,3523,320,,101,,419,25.0
1998-05-22 00:00:00,4220,3,,225,,925,5.0
1998-05-15 00:00:00,6391,177,,219,,381,3.0
1998-05-08 00:00:00,7435,81,,63,,291,0.0
1998-05-01 00:00:00,5346,11,,81,,992,0.0
1998-04-24 00:00:00,7222,26,,220,,1002,2.0
1998-04-17 00:00:00,10492,24,,113,,1166,1.0
1998-04-10 00:00:00,5234,25,,0,,1207,46.0
1998-04-03 00:00:00,3742,41,,140,,1522,165.0
